ingredient_name,Gene_symbol,Mol_ID
quercetin,NOX4,MOL000098
quercetin,AVPR2,MOL000098
quercetin,AKR1B1,MOL000098
quercetin,XDH,MOL000098
quercetin,MAOA,MOL000098
quercetin,IGF1R,MOL000098
quercetin,FLT3,MOL000098
quercetin,CYP19A1,MOL000098
quercetin,EGFR,MOL000098
quercetin,F2,MOL000098
quercetin,CA2,MOL000098
quercetin,PIM1,MOL000098
quercetin,ALOX5,MOL000098
quercetin,AURKB,MOL000098
quercetin,DRD4,MOL000098
quercetin,ADORA1,MOL000098
quercetin,CA7,MOL000098
quercetin,GLO1,MOL000098
quercetin,MPO,MOL000098
quercetin,PIK3R1,MOL000098
quercetin,ADORA2A,MOL000098
quercetin,DAPK1,MOL000098
quercetin,PYGL,MOL000098
quercetin,CA1,MOL000098
quercetin,GSK3B,MOL000098
quercetin,SRC,MOL000098
quercetin,PTK2,MOL000098
quercetin,HSD17B2,MOL000098
quercetin,KDR,MOL000098
quercetin,MMP13,MOL000098
quercetin,MMP3,MOL000098
quercetin,CA3,MOL000098
quercetin,ALOX15,MOL000098
quercetin,ABCC1,MOL000098
quercetin,PLK1,MOL000098
quercetin,CA6,MOL000098
quercetin,CDK1,MOL000098
quercetin,MMP9,MOL000098
quercetin,CA12,MOL000098
quercetin,MMP2,MOL000098
quercetin,PKN1,MOL000098
quercetin,CA14,MOL000098
quercetin,CA9,MOL000098
quercetin,CSNK2A1,MOL000098
quercetin,ALOX12,MOL000098
quercetin,MET,MOL000098
quercetin,CA4,MOL000098
quercetin,NEK2,MOL000098
quercetin,CXCR1,MOL000098
quercetin,CAMK2B,MOL000098
quercetin,ALK,MOL000098
quercetin,AKT1,MOL000098
quercetin,ABCB1,MOL000098
quercetin,NEK6,MOL000098
quercetin,PLA2G1B,MOL000098
quercetin,CA5A,MOL000098
quercetin,BACE1,MOL000098
quercetin,CYP1B1,MOL000098
quercetin,AXL,MOL000098
quercetin,ABCG2,MOL000098
quercetin,NUAK1,MOL000098
quercetin,AKR1C2,MOL000098
quercetin,AKR1C1,MOL000098
quercetin,AKR1C3,MOL000098
quercetin,AKR1C4,MOL000098
quercetin,CA13,MOL000098
quercetin,AKR1A1,MOL000098
quercetin,GPR35,MOL000098
quercetin,MAPT,MOL000098
quercetin,KDM4E,MOL000098
quercetin,TOP2A,MOL000098
quercetin,INSR,MOL000098
quercetin,ACHE,MOL000098
quercetin,MYLK,MOL000098
quercetin,SYK,MOL000098
quercetin,PIK3CG,MOL000098
quercetin,APEX1,MOL000098
quercetin,PTPRS,MOL000098
quercetin,ESR2,MOL000098
quercetin,MPG,MOL000098
quercetin,SLC22A12,MOL000098
quercetin,CDK5R1,MOL000098
quercetin,CCNB3,MOL000098
quercetin,ARG1,MOL000098
quercetin,CDK6,MOL000098
quercetin,CDK2,MOL000098
quercetin,TYR,MOL000098
quercetin,HSD17B1,MOL000098
quercetin,AHR,MOL000098
quercetin,ESRRA,MOL000098
quercetin,APP,MOL000098
quercetin,PARP1,MOL000098
quercetin,TTR,MOL000098
quercetin,MMP12,MOL000098
quercetin,CD38,MOL000098
quercetin,AKR1B10,MOL000098
quercetin,TNKS2,MOL000098
quercetin,TNKS,MOL000098
quercetin,TOP1,MOL000098
quercetin,TERT,MOL000098
Jaranol,AKR1B1,MOL000239
Jaranol,ADORA1,MOL000239
Jaranol,ADORA2A,MOL000239
Jaranol,NOX4,MOL000239
Jaranol,ABCB1,MOL000239
Jaranol,MCL1,MOL000239
Jaranol,ABCG2,MOL000239
Jaranol,ESR2,MOL000239
Jaranol,SLC22A12,MOL000239
Jaranol,OPRD1,MOL000239
Jaranol,HSD17B2,MOL000239
Jaranol,HSD17B1,MOL000239
Jaranol,FLT3,MOL000239
Jaranol,BACE1,MOL000239
Jaranol,CYP1B1,MOL000239
Jaranol,ADORA3,MOL000239
Jaranol,APP,MOL000239
Jaranol,PIM1,MOL000239
Jaranol,PLG,MOL000239
Jaranol,EGFR,MOL000239
Jaranol,KIT,MOL000239
Jaranol,PIK3CG,MOL000239
Jaranol,ALK,MOL000239
Jaranol,XDH,MOL000239
Jaranol,NOS2,MOL000239
Jaranol,PTGS2,MOL000239
Jaranol,OPRM1,MOL000239
Jaranol,CA2,MOL000239
Jaranol,CA7,MOL000239
Jaranol,CA12,MOL000239
Jaranol,MAPT,MOL000239
Jaranol,TOP2A,MOL000239
Jaranol,INSR,MOL000239
Jaranol,MYLK,MOL000239
Jaranol,APEX1,MOL000239
Jaranol,ESR1,MOL000239
Jaranol,AKT1,MOL000239
Jaranol,ALOX5,MOL000239
Jaranol,ODC1,MOL000239
Jaranol,MMP9,MOL000239
Jaranol,MMP2,MOL000239
Jaranol,CA4,MOL000239
Jaranol,MET,MOL000239
Jaranol,ABCC1,MOL000239
Jaranol,IGF1R,MOL000239
Jaranol,AVPR2,MOL000239
Jaranol,CXCR1,MOL000239
Jaranol,ALOX15,MOL000239
Jaranol,ALOX12,MOL000239
Jaranol,TYR,MOL000239
Jaranol,AHR,MOL000239
Jaranol,ESRRA,MOL000239
Jaranol,CYP19A1,MOL000239
Jaranol,CA1,MOL000239
Jaranol,CA6,MOL000239
Jaranol,CA9,MOL000239
Jaranol,NAE1,MOL000239
Jaranol,F2,MOL000239
Jaranol,CDK1,MOL000239
Jaranol,GPR35,MOL000239
Jaranol,GSK3B,MOL000239
Jaranol,PTPRS,MOL000239
Jaranol,KDM4E,MOL000239
Jaranol,MAOA,MOL000239
Jaranol,ACHE,MOL000239
Jaranol,TERT,MOL000239
Jaranol,AURKB,MOL000239
Jaranol,SRC,MOL000239
Jaranol,PTK2,MOL000239
Jaranol,KDR,MOL000239
Jaranol,PLK1,MOL000239
Jaranol,PKN1,MOL000239
Jaranol,NEK2,MOL000239
Jaranol,NEK6,MOL000239
Jaranol,AXL,MOL000239
Jaranol,NUAK1,MOL000239
Jaranol,CDK5R1,MOL000239
Jaranol,CCNB3,MOL000239
Jaranol,CDK6,MOL000239
Jaranol,ST6GAL1,MOL000239
Jaranol,KCNA3,MOL000239
Jaranol,PDE5A,MOL000239
Jaranol,LCK,MOL000239
Jaranol,SYK,MOL000239
Jaranol,CSNK2A1,MOL000239
Jaranol,HSP90B1,MOL000239
Jaranol,BCHE,MOL000239
Jaranol,PLA2G2A,MOL000239
Jaranol,DAPK1,MOL000239
Jaranol,MPG,MOL000239
Jaranol,CYP1A1,MOL000239
Jaranol,CYP1A2,MOL000239
Jaranol,CAMK2B,MOL000239
Jaranol,GRK6,MOL000239
Jaranol,CDK2,MOL000239
Jaranol,PFKFB3,MOL000239
Jaranol,GCGR,MOL000239
Jaranol,DRD4,MOL000239
Jaranol,GLO1,MOL000239
Jaranol,AMY1A,MOL000239
isorhamnetin,XDH,MOL000354
isorhamnetin,CA2,MOL000354
isorhamnetin,CA7,MOL000354
isorhamnetin,CA12,MOL000354
isorhamnetin,CA4,MOL000354
isorhamnetin,CYP1B1,MOL000354
isorhamnetin,ABCC1,MOL000354
isorhamnetin,NOX4,MOL000354
isorhamnetin,AKR1B1,MOL000354
isorhamnetin,ABCG2,MOL000354
isorhamnetin,ACHE,MOL000354
isorhamnetin,ALOX15,MOL000354
isorhamnetin,ALOX12,MOL000354
isorhamnetin,IGF1R,MOL000354
isorhamnetin,EGFR,MOL000354
isorhamnetin,AVPR2,MOL000354
isorhamnetin,MAOA,MOL000354
isorhamnetin,FLT3,MOL000354
isorhamnetin,CYP19A1,MOL000354
isorhamnetin,F2,MOL000354
isorhamnetin,PIM1,MOL000354
isorhamnetin,ALOX5,MOL000354
isorhamnetin,AURKB,MOL000354
isorhamnetin,DRD4,MOL000354
isorhamnetin,ADORA1,MOL000354
isorhamnetin,GLO1,MOL000354
isorhamnetin,MPO,MOL000354
isorhamnetin,PIK3R1,MOL000354
isorhamnetin,ADORA2A,MOL000354
isorhamnetin,DAPK1,MOL000354
isorhamnetin,PYGL,MOL000354
isorhamnetin,CA1,MOL000354
isorhamnetin,GSK3B,MOL000354
isorhamnetin,SRC,MOL000354
isorhamnetin,PTK2,MOL000354
isorhamnetin,HSD17B2,MOL000354
isorhamnetin,KDR,MOL000354
isorhamnetin,MMP13,MOL000354
isorhamnetin,MMP3,MOL000354
isorhamnetin,CA3,MOL000354
isorhamnetin,PLK1,MOL000354
isorhamnetin,CA6,MOL000354
isorhamnetin,CDK1,MOL000354
isorhamnetin,MMP9,MOL000354
isorhamnetin,MMP2,MOL000354
isorhamnetin,PKN1,MOL000354
isorhamnetin,CA14,MOL000354
isorhamnetin,CA9,MOL000354
isorhamnetin,CSNK2A1,MOL000354
isorhamnetin,MET,MOL000354
isorhamnetin,NEK2,MOL000354
isorhamnetin,CXCR1,MOL000354
isorhamnetin,CAMK2B,MOL000354
isorhamnetin,ALK,MOL000354
isorhamnetin,AKT1,MOL000354
isorhamnetin,ABCB1,MOL000354
isorhamnetin,NEK6,MOL000354
isorhamnetin,PLA2G1B,MOL000354
isorhamnetin,CA5A,MOL000354
isorhamnetin,BACE1,MOL000354
isorhamnetin,AXL,MOL000354
isorhamnetin,NUAK1,MOL000354
isorhamnetin,AKR1C2,MOL000354
isorhamnetin,AKR1C1,MOL000354
isorhamnetin,AKR1C3,MOL000354
isorhamnetin,AKR1C4,MOL000354
isorhamnetin,CA13,MOL000354
isorhamnetin,AKR1A1,MOL000354
isorhamnetin,GPR35,MOL000354
isorhamnetin,MAPT,MOL000354
isorhamnetin,KDM4E,MOL000354
isorhamnetin,TOP2A,MOL000354
isorhamnetin,INSR,MOL000354
isorhamnetin,MYLK,MOL000354
isorhamnetin,SYK,MOL000354
isorhamnetin,PIK3CG,MOL000354
isorhamnetin,APEX1,MOL000354
isorhamnetin,CDK5R1,MOL000354
isorhamnetin,CCNB3,MOL000354
isorhamnetin,CDK6,MOL000354
isorhamnetin,CDK2,MOL000354
isorhamnetin,ARG1,MOL000354
isorhamnetin,APP,MOL000354
isorhamnetin,MCL1,MOL000354
isorhamnetin,TERT,MOL000354
isorhamnetin,TYR,MOL000354
isorhamnetin,HSD17B1,MOL000354
isorhamnetin,AHR,MOL000354
isorhamnetin,ESRRA,MOL000354
isorhamnetin,PTPRS,MOL000354
isorhamnetin,PLG,MOL000354
isorhamnetin,ESR2,MOL000354
isorhamnetin,MPG,MOL000354
isorhamnetin,SLC22A12,MOL000354
isorhamnetin,PARP1,MOL000354
isorhamnetin,TTR,MOL000354
isorhamnetin,MMP12,MOL000354
isorhamnetin,CD38,MOL000354
isorhamnetin,AKR1B10,MOL000354
isorhamnetin,TNKS2,MOL000354
"3,9-di-O-methylnissolin",PDE3A,MOL000371
"3,9-di-O-methylnissolin",PDE3B,MOL000371
"3,9-di-O-methylnissolin",PDE10A,MOL000371
"3,9-di-O-methylnissolin",SRC,MOL000371
"3,9-di-O-methylnissolin",KDR,MOL000371
"3,9-di-O-methylnissolin",MET,MOL000371
"3,9-di-O-methylnissolin",ABCB1,MOL000371
"3,9-di-O-methylnissolin",PTPN1,MOL000371
"3,9-di-O-methylnissolin",KIT,MOL000371
"3,9-di-O-methylnissolin",RPS6KB1,MOL000371
"3,9-di-O-methylnissolin",AURKA,MOL000371
"3,9-di-O-methylnissolin",CYP11B1,MOL000371
"3,9-di-O-methylnissolin",MARS,MOL000371
"3,9-di-O-methylnissolin",MERTK,MOL000371
"3,9-di-O-methylnissolin",RGS4,MOL000371
"3,9-di-O-methylnissolin",CLK4,MOL000371
"3,9-di-O-methylnissolin",DYRK1B,MOL000371
"3,9-di-O-methylnissolin",CDK2,MOL000371
"3,9-di-O-methylnissolin",TTK,MOL000371
"3,9-di-O-methylnissolin",PLK3,MOL000371
"3,9-di-O-methylnissolin",PLK2,MOL000371
"3,9-di-O-methylnissolin",SCN9A,MOL000371
"3,9-di-O-methylnissolin",SLC27A1,MOL000371
"3,9-di-O-methylnissolin",PGGT1B,MOL000371
"3,9-di-O-methylnissolin",SYK,MOL000371
"3,9-di-O-methylnissolin",PIK3CD,MOL000371
"3,9-di-O-methylnissolin",BRPF1,MOL000371
"3,9-di-O-methylnissolin",PIK3CB,MOL000371
"3,9-di-O-methylnissolin",PIK3CA,MOL000371
"3,9-di-O-methylnissolin",BRAF,MOL000371
"3,9-di-O-methylnissolin",CCND1,MOL000371
"3,9-di-O-methylnissolin",CCNE2,MOL000371
"3,9-di-O-methylnissolin",NTRK1,MOL000371
"3,9-di-O-methylnissolin",CCNC,MOL000371
"3,9-di-O-methylnissolin",CDK8,MOL000371
"3,9-di-O-methylnissolin",GRM1,MOL000371
"3,9-di-O-methylnissolin",CLK1,MOL000371
"3,9-di-O-methylnissolin",CLK2,MOL000371
"3,9-di-O-methylnissolin",CNR1,MOL000371
"3,9-di-O-methylnissolin",IKBKB,MOL000371
"3,9-di-O-methylnissolin",ADORA2A,MOL000371
"3,9-di-O-methylnissolin",TUBB3,MOL000371
"3,9-di-O-methylnissolin",PTP4A3,MOL000371
"3,9-di-O-methylnissolin",ABL1,MOL000371
"3,9-di-O-methylnissolin",GABRA1,MOL000371
"3,9-di-O-methylnissolin",GABRA5,MOL000371
"3,9-di-O-methylnissolin",GABRB3,MOL000371
"3,9-di-O-methylnissolin",GABRA2,MOL000371
"3,9-di-O-methylnissolin",GABRG2,MOL000371
"3,9-di-O-methylnissolin",ELANE,MOL000371
"3,9-di-O-methylnissolin",PARP1,MOL000371
"3,9-di-O-methylnissolin",PLAU,MOL000371
"3,9-di-O-methylnissolin",CYP11B2,MOL000371
"3,9-di-O-methylnissolin",TBXAS1,MOL000371
"3,9-di-O-methylnissolin",CCNA2,MOL000371
"3,9-di-O-methylnissolin",SLC1A3,MOL000371
"3,9-di-O-methylnissolin",LRRK2,MOL000371
"3,9-di-O-methylnissolin",DHFR,MOL000371
"3,9-di-O-methylnissolin",MAPKAPK2,MOL000371
"3,9-di-O-methylnissolin",TGM2,MOL000371
"3,9-di-O-methylnissolin",MAP2K1,MOL000371
"3,9-di-O-methylnissolin",MCL1,MOL000371
"3,9-di-O-methylnissolin",TRPV1,MOL000371
"3,9-di-O-methylnissolin",PIM3,MOL000371
"3,9-di-O-methylnissolin",TUBB1,MOL000371
"3,9-di-O-methylnissolin",PPP1CA,MOL000371
"3,9-di-O-methylnissolin",PGK1,MOL000371
"3,9-di-O-methylnissolin",ROCK2,MOL000371
"3,9-di-O-methylnissolin",FGFR1,MOL000371
"3,9-di-O-methylnissolin",NPBWR1,MOL000371
"3,9-di-O-methylnissolin",CDK4,MOL000371
"3,9-di-O-methylnissolin",SIRT2,MOL000371
"3,9-di-O-methylnissolin",P2RX7,MOL000371
"3,9-di-O-methylnissolin",PDE5A,MOL000371
"3,9-di-O-methylnissolin",TDP2,MOL000371
"3,9-di-O-methylnissolin",CYP1A1,MOL000371
"3,9-di-O-methylnissolin",RPS6KA3,MOL000371
"3,9-di-O-methylnissolin",CSNK1D,MOL000371
"3,9-di-O-methylnissolin",CYP19A1,MOL000371
"3,9-di-O-methylnissolin",AR,MOL000371
"3,9-di-O-methylnissolin",FLT3,MOL000371
"3,9-di-O-methylnissolin",HSD17B2,MOL000371
"3,9-di-O-methylnissolin",GABRA3,MOL000371
"3,9-di-O-methylnissolin",GSK3B,MOL000371
"3,9-di-O-methylnissolin",PRKCB,MOL000371
"3,9-di-O-methylnissolin",PIK3CG,MOL000371
"3,9-di-O-methylnissolin",MCHR1,MOL000371
"3,9-di-O-methylnissolin",KDM5B,MOL000371
"3,9-di-O-methylnissolin",PDK1,MOL000371
"3,9-di-O-methylnissolin",PDGFRB,MOL000371
"3,9-di-O-methylnissolin",MTOR,MOL000371
"3,9-di-O-methylnissolin",CHEK1,MOL000371
"3,9-di-O-methylnissolin",CCND3,MOL000371
"3,9-di-O-methylnissolin",NQO2,MOL000371
"3,9-di-O-methylnissolin",HCRTR2,MOL000371
"3,9-di-O-methylnissolin",HCRTR1,MOL000371
7-O-methylisomucronulatol,ALOX15,MOL000378
7-O-methylisomucronulatol,ALOX15B,MOL000378
7-O-methylisomucronulatol,ALOX12,MOL000378
7-O-methylisomucronulatol,ABL1,MOL000378
7-O-methylisomucronulatol,SYK,MOL000378
7-O-methylisomucronulatol,F3,MOL000378
7-O-methylisomucronulatol,SIGMAR1,MOL000378
7-O-methylisomucronulatol,ADAMTS5,MOL000378
7-O-methylisomucronulatol,MAOB,MOL000378
7-O-methylisomucronulatol,WEE1,MOL000378
7-O-methylisomucronulatol,PDE10A,MOL000378
7-O-methylisomucronulatol,CHEK1,MOL000378
7-O-methylisomucronulatol,NDUFA4,MOL000378
7-O-methylisomucronulatol,MKNK1,MOL000378
7-O-methylisomucronulatol,MET,MOL000378
7-O-methylisomucronulatol,TGFBR1,MOL000378
7-O-methylisomucronulatol,CA14,MOL000378
7-O-methylisomucronulatol,PDE2A,MOL000378
7-O-methylisomucronulatol,MMP1,MOL000378
7-O-methylisomucronulatol,ALPL,MOL000378
7-O-methylisomucronulatol,CDK2,MOL000378
7-O-methylisomucronulatol,CDK4,MOL000378
7-O-methylisomucronulatol,KDR,MOL000378
7-O-methylisomucronulatol,TRPM8,MOL000378
7-O-methylisomucronulatol,LDHB,MOL000378
7-O-methylisomucronulatol,DRD2,MOL000378
7-O-methylisomucronulatol,AURKB,MOL000378
7-O-methylisomucronulatol,GSK3B,MOL000378
7-O-methylisomucronulatol,PTK2,MOL000378
7-O-methylisomucronulatol,PLK1,MOL000378
7-O-methylisomucronulatol,CLK4,MOL000378
7-O-methylisomucronulatol,CLK1,MOL000378
7-O-methylisomucronulatol,CLK2,MOL000378
7-O-methylisomucronulatol,CLK3,MOL000378
7-O-methylisomucronulatol,DYRK1B,MOL000378
7-O-methylisomucronulatol,BACE1,MOL000378
7-O-methylisomucronulatol,RET,MOL000378
7-O-methylisomucronulatol,CHRNA7,MOL000378
7-O-methylisomucronulatol,CDC25C,MOL000378
7-O-methylisomucronulatol,CDC25A,MOL000378
7-O-methylisomucronulatol,CDC25B,MOL000378
7-O-methylisomucronulatol,RAF1,MOL000378
7-O-methylisomucronulatol,HSD17B3,MOL000378
7-O-methylisomucronulatol,BRAF,MOL000378
7-O-methylisomucronulatol,TLR9,MOL000378
7-O-methylisomucronulatol,ALOX5AP,MOL000378
7-O-methylisomucronulatol,KIT,MOL000378
7-O-methylisomucronulatol,CDK1,MOL000378
7-O-methylisomucronulatol,CDK7,MOL000378
7-O-methylisomucronulatol,CDK9,MOL000378
7-O-methylisomucronulatol,NOX4,MOL000378
7-O-methylisomucronulatol,HSP90AB1,MOL000378
7-O-methylisomucronulatol,FAAH,MOL000378
7-O-methylisomucronulatol,MTOR,MOL000378
7-O-methylisomucronulatol,PIK3CA,MOL000378
7-O-methylisomucronulatol,SRC,MOL000378
7-O-methylisomucronulatol,IMPDH1,MOL000378
7-O-methylisomucronulatol,IMPDH2,MOL000378
7-O-methylisomucronulatol,ALDH3A1,MOL000378
7-O-methylisomucronulatol,HSP90AA1,MOL000378
7-O-methylisomucronulatol,JAK3,MOL000378
7-O-methylisomucronulatol,LCK,MOL000378
7-O-methylisomucronulatol,HSD17B2,MOL000378
7-O-methylisomucronulatol,QPCTL,MOL000378
7-O-methylisomucronulatol,ALK,MOL000378
7-O-methylisomucronulatol,ACVR1,MOL000378
7-O-methylisomucronulatol,HPGD,MOL000378
7-O-methylisomucronulatol,PDGFRA,MOL000378
7-O-methylisomucronulatol,CXCR2,MOL000378
7-O-methylisomucronulatol,BACE2,MOL000378
7-O-methylisomucronulatol,PBRM1,MOL000378
7-O-methylisomucronulatol,CHEK2,MOL000378
7-O-methylisomucronulatol,SMARCA4,MOL000378
7-O-methylisomucronulatol,BMP1,MOL000378
7-O-methylisomucronulatol,RPS6KA3,MOL000378
7-O-methylisomucronulatol,CCR3,MOL000378
7-O-methylisomucronulatol,GCGR,MOL000378
7-O-methylisomucronulatol,MAPKAPK2,MOL000378
7-O-methylisomucronulatol,PDK1,MOL000378
7-O-methylisomucronulatol,TYR,MOL000378
7-O-methylisomucronulatol,PDGFRB,MOL000378
7-O-methylisomucronulatol,AGPAT2,MOL000378
7-O-methylisomucronulatol,ADAMTS4,MOL000378
7-O-methylisomucronulatol,ADORA2A,MOL000378
7-O-methylisomucronulatol,VCAM1,MOL000378
7-O-methylisomucronulatol,FPR2,MOL000378
7-O-methylisomucronulatol,PRF1,MOL000378
7-O-methylisomucronulatol,PFKFB3,MOL000378
7-O-methylisomucronulatol,PSEN2,MOL000378
7-O-methylisomucronulatol,NEK1,MOL000378
7-O-methylisomucronulatol,ERBB2,MOL000378
7-O-methylisomucronulatol,EGFR,MOL000378
7-O-methylisomucronulatol,SPHK2,MOL000378
7-O-methylisomucronulatol,SPHK1,MOL000378
7-O-methylisomucronulatol,AVPR2,MOL000378
7-O-methylisomucronulatol,CRHR1,MOL000378
7-O-methylisomucronulatol,AVPR1A,MOL000378
7-O-methylisomucronulatol,CDK5R1,MOL000378
7-O-methylisomucronulatol,TYMS,MOL000378
"(6aR,11aR)-9,10-dimethoxy-6a,11a-dihydro-6H-benzofurano[3,2-c]chromen-3-ol",KDR,MOL000380
"(6aR,11aR)-9,10-dimethoxy-6a,11a-dihydro-6H-benzofurano[3,2-c]chromen-3-ol",PTPN1,MOL000380
"(6aR,11aR)-9,10-dimethoxy-6a,11a-dihydro-6H-benzofurano[3,2-c]chromen-3-ol",RET,MOL000380
"(6aR,11aR)-9,10-dimethoxy-6a,11a-dihydro-6H-benzofurano[3,2-c]chromen-3-ol",KIT,MOL000380
"(6aR,11aR)-9,10-dimethoxy-6a,11a-dihydro-6H-benzofurano[3,2-c]chromen-3-ol",MET,MOL000380
"(6aR,11aR)-9,10-dimethoxy-6a,11a-dihydro-6H-benzofurano[3,2-c]chromen-3-ol",ABCB1,MOL000380
"(6aR,11aR)-9,10-dimethoxy-6a,11a-dihydro-6H-benzofurano[3,2-c]chromen-3-ol",PARP1,MOL000380
"(6aR,11aR)-9,10-dimethoxy-6a,11a-dihydro-6H-benzofurano[3,2-c]chromen-3-ol",CDK2,MOL000380
"(6aR,11aR)-9,10-dimethoxy-6a,11a-dihydro-6H-benzofurano[3,2-c]chromen-3-ol",PIM2,MOL000380
"(6aR,11aR)-9,10-dimethoxy-6a,11a-dihydro-6H-benzofurano[3,2-c]chromen-3-ol",SRC,MOL000380
"(6aR,11aR)-9,10-dimethoxy-6a,11a-dihydro-6H-benzofurano[3,2-c]chromen-3-ol",CHEK1,MOL000380
"(6aR,11aR)-9,10-dimethoxy-6a,11a-dihydro-6H-benzofurano[3,2-c]chromen-3-ol",WEE1,MOL000380
"(6aR,11aR)-9,10-dimethoxy-6a,11a-dihydro-6H-benzofurano[3,2-c]chromen-3-ol",CCND3,MOL000380
"(6aR,11aR)-9,10-dimethoxy-6a,11a-dihydro-6H-benzofurano[3,2-c]chromen-3-ol",FGFR1,MOL000380
"(6aR,11aR)-9,10-dimethoxy-6a,11a-dihydro-6H-benzofurano[3,2-c]chromen-3-ol",CYP19A1,MOL000380
"(6aR,11aR)-9,10-dimethoxy-6a,11a-dihydro-6H-benzofurano[3,2-c]chromen-3-ol",ERN1,MOL000380
"(6aR,11aR)-9,10-dimethoxy-6a,11a-dihydro-6H-benzofurano[3,2-c]chromen-3-ol",ADORA2A,MOL000380
"(6aR,11aR)-9,10-dimethoxy-6a,11a-dihydro-6H-benzofurano[3,2-c]chromen-3-ol",COMT,MOL000380
"(6aR,11aR)-9,10-dimethoxy-6a,11a-dihydro-6H-benzofurano[3,2-c]chromen-3-ol",MAP2K1,MOL000380
"(6aR,11aR)-9,10-dimethoxy-6a,11a-dihydro-6H-benzofurano[3,2-c]chromen-3-ol",JAK3,MOL000380
"(6aR,11aR)-9,10-dimethoxy-6a,11a-dihydro-6H-benzofurano[3,2-c]chromen-3-ol",LCK,MOL000380
"(6aR,11aR)-9,10-dimethoxy-6a,11a-dihydro-6H-benzofurano[3,2-c]chromen-3-ol",CDK4,MOL000380
"(6aR,11aR)-9,10-dimethoxy-6a,11a-dihydro-6H-benzofurano[3,2-c]chromen-3-ol",VCP,MOL000380
"(6aR,11aR)-9,10-dimethoxy-6a,11a-dihydro-6H-benzofurano[3,2-c]chromen-3-ol",MKNK1,MOL000380
"(6aR,11aR)-9,10-dimethoxy-6a,11a-dihydro-6H-benzofurano[3,2-c]chromen-3-ol",PTGS1,MOL000380
"(6aR,11aR)-9,10-dimethoxy-6a,11a-dihydro-6H-benzofurano[3,2-c]chromen-3-ol",AR,MOL000380
"(6aR,11aR)-9,10-dimethoxy-6a,11a-dihydro-6H-benzofurano[3,2-c]chromen-3-ol",MIF,MOL000380
"(6aR,11aR)-9,10-dimethoxy-6a,11a-dihydro-6H-benzofurano[3,2-c]chromen-3-ol",MAPKAPK2,MOL000380
"(6aR,11aR)-9,10-dimethoxy-6a,11a-dihydro-6H-benzofurano[3,2-c]chromen-3-ol",MTOR,MOL000380
"(6aR,11aR)-9,10-dimethoxy-6a,11a-dihydro-6H-benzofurano[3,2-c]chromen-3-ol",PIK3CD,MOL000380
"(6aR,11aR)-9,10-dimethoxy-6a,11a-dihydro-6H-benzofurano[3,2-c]chromen-3-ol",PIK3CB,MOL000380
"(6aR,11aR)-9,10-dimethoxy-6a,11a-dihydro-6H-benzofurano[3,2-c]chromen-3-ol",PIK3CG,MOL000380
"(6aR,11aR)-9,10-dimethoxy-6a,11a-dihydro-6H-benzofurano[3,2-c]chromen-3-ol",PIK3CA,MOL000380
"(6aR,11aR)-9,10-dimethoxy-6a,11a-dihydro-6H-benzofurano[3,2-c]chromen-3-ol",GSK3B,MOL000380
"(6aR,11aR)-9,10-dimethoxy-6a,11a-dihydro-6H-benzofurano[3,2-c]chromen-3-ol",ESR1,MOL000380
"(6aR,11aR)-9,10-dimethoxy-6a,11a-dihydro-6H-benzofurano[3,2-c]chromen-3-ol",RPS6KA2,MOL000380
"(6aR,11aR)-9,10-dimethoxy-6a,11a-dihydro-6H-benzofurano[3,2-c]chromen-3-ol",AURKA,MOL000380
"(6aR,11aR)-9,10-dimethoxy-6a,11a-dihydro-6H-benzofurano[3,2-c]chromen-3-ol",HTT,MOL000380
"(6aR,11aR)-9,10-dimethoxy-6a,11a-dihydro-6H-benzofurano[3,2-c]chromen-3-ol",ADAM17,MOL000380
"(6aR,11aR)-9,10-dimethoxy-6a,11a-dihydro-6H-benzofurano[3,2-c]chromen-3-ol",HSD17B3,MOL000380
"(6aR,11aR)-9,10-dimethoxy-6a,11a-dihydro-6H-benzofurano[3,2-c]chromen-3-ol",MMP8,MOL000380
"(6aR,11aR)-9,10-dimethoxy-6a,11a-dihydro-6H-benzofurano[3,2-c]chromen-3-ol",ALOX15,MOL000380
"(6aR,11aR)-9,10-dimethoxy-6a,11a-dihydro-6H-benzofurano[3,2-c]chromen-3-ol",CA2,MOL000380
"(6aR,11aR)-9,10-dimethoxy-6a,11a-dihydro-6H-benzofurano[3,2-c]chromen-3-ol",CA9,MOL000380
"(6aR,11aR)-9,10-dimethoxy-6a,11a-dihydro-6H-benzofurano[3,2-c]chromen-3-ol",MMP25,MOL000380
"(6aR,11aR)-9,10-dimethoxy-6a,11a-dihydro-6H-benzofurano[3,2-c]chromen-3-ol",MMP16,MOL000380
"(6aR,11aR)-9,10-dimethoxy-6a,11a-dihydro-6H-benzofurano[3,2-c]chromen-3-ol",BMP1,MOL000380
"(6aR,11aR)-9,10-dimethoxy-6a,11a-dihydro-6H-benzofurano[3,2-c]chromen-3-ol",MMP7,MOL000380
"(6aR,11aR)-9,10-dimethoxy-6a,11a-dihydro-6H-benzofurano[3,2-c]chromen-3-ol",ADAM10,MOL000380
"(6aR,11aR)-9,10-dimethoxy-6a,11a-dihydro-6H-benzofurano[3,2-c]chromen-3-ol",ALPL,MOL000380
"(6aR,11aR)-9,10-dimethoxy-6a,11a-dihydro-6H-benzofurano[3,2-c]chromen-3-ol",SYK,MOL000380
"(6aR,11aR)-9,10-dimethoxy-6a,11a-dihydro-6H-benzofurano[3,2-c]chromen-3-ol",PDE7A,MOL000380
"(6aR,11aR)-9,10-dimethoxy-6a,11a-dihydro-6H-benzofurano[3,2-c]chromen-3-ol",MMP9,MOL000380
"(6aR,11aR)-9,10-dimethoxy-6a,11a-dihydro-6H-benzofurano[3,2-c]chromen-3-ol",MMP2,MOL000380
"(6aR,11aR)-9,10-dimethoxy-6a,11a-dihydro-6H-benzofurano[3,2-c]chromen-3-ol",CA1,MOL000380
"(6aR,11aR)-9,10-dimethoxy-6a,11a-dihydro-6H-benzofurano[3,2-c]chromen-3-ol",CA12,MOL000380
"(6aR,11aR)-9,10-dimethoxy-6a,11a-dihydro-6H-benzofurano[3,2-c]chromen-3-ol",RAF1,MOL000380
"(6aR,11aR)-9,10-dimethoxy-6a,11a-dihydro-6H-benzofurano[3,2-c]chromen-3-ol",ALPG,MOL000380
"(6aR,11aR)-9,10-dimethoxy-6a,11a-dihydro-6H-benzofurano[3,2-c]chromen-3-ol",PLAA,MOL000380
"(6aR,11aR)-9,10-dimethoxy-6a,11a-dihydro-6H-benzofurano[3,2-c]chromen-3-ol",GRM4,MOL000380
"(6aR,11aR)-9,10-dimethoxy-6a,11a-dihydro-6H-benzofurano[3,2-c]chromen-3-ol",CA4,MOL000380
"(6aR,11aR)-9,10-dimethoxy-6a,11a-dihydro-6H-benzofurano[3,2-c]chromen-3-ol",CA5B,MOL000380
"(6aR,11aR)-9,10-dimethoxy-6a,11a-dihydro-6H-benzofurano[3,2-c]chromen-3-ol",CA5A,MOL000380
"(6aR,11aR)-9,10-dimethoxy-6a,11a-dihydro-6H-benzofurano[3,2-c]chromen-3-ol",EZR,MOL000380
"(6aR,11aR)-9,10-dimethoxy-6a,11a-dihydro-6H-benzofurano[3,2-c]chromen-3-ol",AKR1B1,MOL000380
"(6aR,11aR)-9,10-dimethoxy-6a,11a-dihydro-6H-benzofurano[3,2-c]chromen-3-ol",TUBB1,MOL000380
"(6aR,11aR)-9,10-dimethoxy-6a,11a-dihydro-6H-benzofurano[3,2-c]chromen-3-ol",ADORA2B,MOL000380
"(6aR,11aR)-9,10-dimethoxy-6a,11a-dihydro-6H-benzofurano[3,2-c]chromen-3-ol",TUBB3,MOL000380
"(6aR,11aR)-9,10-dimethoxy-6a,11a-dihydro-6H-benzofurano[3,2-c]chromen-3-ol",CA14,MOL000380
"(6aR,11aR)-9,10-dimethoxy-6a,11a-dihydro-6H-benzofurano[3,2-c]chromen-3-ol",MBD2,MOL000380
"(6aR,11aR)-9,10-dimethoxy-6a,11a-dihydro-6H-benzofurano[3,2-c]chromen-3-ol",ESR2,MOL000380
"(6aR,11aR)-9,10-dimethoxy-6a,11a-dihydro-6H-benzofurano[3,2-c]chromen-3-ol",DBF4,MOL000380
"(6aR,11aR)-9,10-dimethoxy-6a,11a-dihydro-6H-benzofurano[3,2-c]chromen-3-ol",NR4A1,MOL000380
"(6aR,11aR)-9,10-dimethoxy-6a,11a-dihydro-6H-benzofurano[3,2-c]chromen-3-ol",CTSS,MOL000380
"(6aR,11aR)-9,10-dimethoxy-6a,11a-dihydro-6H-benzofurano[3,2-c]chromen-3-ol",ALOX12,MOL000380
"(6aR,11aR)-9,10-dimethoxy-6a,11a-dihydro-6H-benzofurano[3,2-c]chromen-3-ol",CA13,MOL000380
"(6aR,11aR)-9,10-dimethoxy-6a,11a-dihydro-6H-benzofurano[3,2-c]chromen-3-ol",CASP3,MOL000380
"(6aR,11aR)-9,10-dimethoxy-6a,11a-dihydro-6H-benzofurano[3,2-c]chromen-3-ol",LNPEP,MOL000380
"(6aR,11aR)-9,10-dimethoxy-6a,11a-dihydro-6H-benzofurano[3,2-c]chromen-3-ol",CASP7,MOL000380
"(6aR,11aR)-9,10-dimethoxy-6a,11a-dihydro-6H-benzofurano[3,2-c]chromen-3-ol",ABL1,MOL000380
"(6aR,11aR)-9,10-dimethoxy-6a,11a-dihydro-6H-benzofurano[3,2-c]chromen-3-ol",PRKDC,MOL000380
"(6aR,11aR)-9,10-dimethoxy-6a,11a-dihydro-6H-benzofurano[3,2-c]chromen-3-ol",HCK,MOL000380
"(6aR,11aR)-9,10-dimethoxy-6a,11a-dihydro-6H-benzofurano[3,2-c]chromen-3-ol",DNM1,MOL000380
"(6aR,11aR)-9,10-dimethoxy-6a,11a-dihydro-6H-benzofurano[3,2-c]chromen-3-ol",PIK3R1,MOL000380
"(6aR,11aR)-9,10-dimethoxy-6a,11a-dihydro-6H-benzofurano[3,2-c]chromen-3-ol",HSD17B2,MOL000380
"(6aR,11aR)-9,10-dimethoxy-6a,11a-dihydro-6H-benzofurano[3,2-c]chromen-3-ol",PDE4C,MOL000380
"(6aR,11aR)-9,10-dimethoxy-6a,11a-dihydro-6H-benzofurano[3,2-c]chromen-3-ol",EPHB2,MOL000380
"(6aR,11aR)-9,10-dimethoxy-6a,11a-dihydro-6H-benzofurano[3,2-c]chromen-3-ol",TRPM8,MOL000380
"(6aR,11aR)-9,10-dimethoxy-6a,11a-dihydro-6H-benzofurano[3,2-c]chromen-3-ol",TOP1,MOL000380
"(6aR,11aR)-9,10-dimethoxy-6a,11a-dihydro-6H-benzofurano[3,2-c]chromen-3-ol",GRK2,MOL000380
"(6aR,11aR)-9,10-dimethoxy-6a,11a-dihydro-6H-benzofurano[3,2-c]chromen-3-ol",ANPEP,MOL000380
"(6aR,11aR)-9,10-dimethoxy-6a,11a-dihydro-6H-benzofurano[3,2-c]chromen-3-ol",CCNB3,MOL000380
"(6aR,11aR)-9,10-dimethoxy-6a,11a-dihydro-6H-benzofurano[3,2-c]chromen-3-ol",ROCK2,MOL000380
"(6aR,11aR)-9,10-dimethoxy-6a,11a-dihydro-6H-benzofurano[3,2-c]chromen-3-ol",HDAC3,MOL000380
"(6aR,11aR)-9,10-dimethoxy-6a,11a-dihydro-6H-benzofurano[3,2-c]chromen-3-ol",CDK5R1,MOL000380
"(6aR,11aR)-9,10-dimethoxy-6a,11a-dihydro-6H-benzofurano[3,2-c]chromen-3-ol",HDAC2,MOL000380
"(6aR,11aR)-9,10-dimethoxy-6a,11a-dihydro-6H-benzofurano[3,2-c]chromen-3-ol",CSNK1G1,MOL000380
"(6aR,11aR)-9,10-dimethoxy-6a,11a-dihydro-6H-benzofurano[3,2-c]chromen-3-ol",RPS6KA1,MOL000380
"(6aR,11aR)-9,10-dimethoxy-6a,11a-dihydro-6H-benzofurano[3,2-c]chromen-3-ol",HDAC5,MOL000380
Bifendate,GSK3B,MOL000387
Bifendate,SYK,MOL000387
Bifendate,EGFR,MOL000387
Bifendate,OXTR,MOL000387
Bifendate,ABCG2,MOL000387
Bifendate,PTK2,MOL000387
Bifendate,AVPR2,MOL000387
Bifendate,AVPR1A,MOL000387
Bifendate,JAK3,MOL000387
Bifendate,F2,MOL000387
Bifendate,HSP90AB1,MOL000387
Bifendate,PDE8B,MOL000387
Bifendate,JUN,MOL000387
Bifendate,CMA1,MOL000387
Bifendate,CTSG,MOL000387
Bifendate,PIK3CG,MOL000387
Bifendate,PIK3CA,MOL000387
Bifendate,FLT3,MOL000387
Bifendate,MAPK10,MOL000387
Bifendate,KDR,MOL000387
Bifendate,JAK2,MOL000387
Bifendate,CDK2,MOL000387
Bifendate,IRAK4,MOL000387
Bifendate,MMP13,MOL000387
Bifendate,MMP3,MOL000387
Bifendate,MMP9,MOL000387
Bifendate,MMP2,MOL000387
Bifendate,BRD4,MOL000387
Bifendate,GRM5,MOL000387
Bifendate,ATM,MOL000387
Bifendate,GSK3A,MOL000387
Bifendate,CDK5R1,MOL000387
Bifendate,FNTA,MOL000387
Bifendate,JAK1,MOL000387
Bifendate,TYK2,MOL000387
Bifendate,SETD7,MOL000387
Bifendate,PDGFRB,MOL000387
Bifendate,KLK7,MOL000387
Bifendate,KLK5,MOL000387
Bifendate,AGPAT2,MOL000387
Bifendate,TLR4,MOL000387
Bifendate,RPS6KB2,MOL000387
Bifendate,MAPK8,MOL000387
Bifendate,MAPK1,MOL000387
Bifendate,MAPK9,MOL000387
Bifendate,NGFR,MOL000387
Bifendate,PRKD2,MOL000387
Bifendate,CTSS,MOL000387
Bifendate,PDPK1,MOL000387
Bifendate,LCK,MOL000387
Bifendate,ZAP70,MOL000387
Bifendate,MTOR,MOL000387
Bifendate,KNG1,MOL000387
Bifendate,NQO2,MOL000387
Bifendate,ALK,MOL000387
Bifendate,EPHB4,MOL000387
Bifendate,AURKB,MOL000387
Bifendate,CDK7,MOL000387
Bifendate,CDK1,MOL000387
Bifendate,CDK9,MOL000387
Bifendate,CDK4,MOL000387
Bifendate,AURKA,MOL000387
Bifendate,STK33,MOL000387
Bifendate,ADORA3,MOL000387
Bifendate,HSP90AA1,MOL000387
Bifendate,CHEK1,MOL000387
Bifendate,BRAF,MOL000387
Bifendate,CSNK2A1,MOL000387
Bifendate,CAPN1,MOL000387
Bifendate,HIPK2,MOL000387
Bifendate,GUSB,MOL000387
Bifendate,ACVRL1,MOL000387
Bifendate,HTR2A,MOL000387
Bifendate,PDE4B,MOL000387
Bifendate,BCAT2,MOL000387
Bifendate,PDE10A,MOL000387
Bifendate,TGFBR1,MOL000387
Bifendate,NTRK1,MOL000387
Bifendate,INSR,MOL000387
Bifendate,PRKCA,MOL000387
Bifendate,PIK3CD,MOL000387
Bifendate,PIK3CB,MOL000387
Bifendate,SLC5A2,MOL000387
Bifendate,SLC5A1,MOL000387
Bifendate,SQLE,MOL000387
Bifendate,CPT1A,MOL000387
Bifendate,SCN10A,MOL000387
Bifendate,PLA2G7,MOL000387
Bifendate,BMPR1A,MOL000387
Bifendate,ACVR1B,MOL000387
Bifendate,BMPR1B,MOL000387
Bifendate,ACVR1,MOL000387
Bifendate,ABL1,MOL000387
Bifendate,ADORA2A,MOL000387
Bifendate,MAPK14,MOL000387
Bifendate,SRC,MOL000387
Bifendate,TNNI3K,MOL000387
Bifendate,KIT,MOL000387
formononetin,IL2,MOL000392
formononetin,CYP19A1,MOL000392
formononetin,ALDH2,MOL000392
formononetin,CA12,MOL000392
formononetin,ADORA1,MOL000392
formononetin,ADORA2A,MOL000392
formononetin,TBXAS1,MOL000392
formononetin,MAOA,MOL000392
formononetin,MGAM,MOL000392
formononetin,HTR2A,MOL000392
formononetin,HTR2C,MOL000392
formononetin,ESRRA,MOL000392
formononetin,ESRRB,MOL000392
formononetin,ABCG2,MOL000392
formononetin,CA7,MOL000392
formononetin,HSD17B2,MOL000392
formononetin,CA4,MOL000392
formononetin,CBR1,MOL000392
formononetin,SLC6A2,MOL000392
formononetin,ALOX12,MOL000392
formononetin,EGFR,MOL000392
formononetin,TYR,MOL000392
formononetin,XDH,MOL000392
formononetin,PFKFB3,MOL000392
formononetin,ESR2,MOL000392
formononetin,PTPRS,MOL000392
formononetin,HSD17B1,MOL000392
formononetin,ABCB1,MOL000392
formononetin,ESR1,MOL000392
formononetin,MIF,MOL000392
formononetin,ALOX15,MOL000392
formononetin,PPARA,MOL000392
formononetin,PTGS1,MOL000392
formononetin,TLR9,MOL000392
formononetin,MAOB,MOL000392
formononetin,CA2,MOL000392
formononetin,CA1,MOL000392
formononetin,NOX4,MOL000392
formononetin,PON1,MOL000392
formononetin,TNKS2,MOL000392
formononetin,TNKS,MOL000392
formononetin,ACHE,MOL000392
formononetin,CA3,MOL000392
formononetin,CA6,MOL000392
formononetin,CA14,MOL000392
formononetin,CA13,MOL000392
formononetin,CA5B,MOL000392
formononetin,CA5A,MOL000392
formononetin,DHODH,MOL000392
formononetin,STS,MOL000392
formononetin,ERCC5,MOL000392
formononetin,FEN1,MOL000392
formononetin,RAF1,MOL000392
formononetin,CA9,MOL000392
formononetin,PTPN1,MOL000392
formononetin,BACE1,MOL000392
formononetin,TYK2,MOL000392
formononetin,BCL2,MOL000392
formononetin,PPARG,MOL000392
formononetin,EZR,MOL000392
formononetin,BAD,MOL000392
formononetin,IKBKE,MOL000392
formononetin,CYP1B1,MOL000392
formononetin,CHEK1,MOL000392
formononetin,MCL1,MOL000392
formononetin,ALOX5,MOL000392
formononetin,AVPR1A,MOL000392
formononetin,PLA2G4A,MOL000392
formononetin,TNF,MOL000392
formononetin,GRK6,MOL000392
formononetin,AKR1B1,MOL000392
formononetin,ABL1,MOL000392
formononetin,HCK,MOL000392
formononetin,PI4KB,MOL000392
formononetin,HSP90AB1,MOL000392
formononetin,EPHB4,MOL000392
formononetin,KIT,MOL000392
formononetin,OPRD1,MOL000392
formononetin,PTK6,MOL000392
formononetin,KIF11,MOL000392
formononetin,KDM5C,MOL000392
formononetin,KDM4A,MOL000392
formononetin,KDM4D,MOL000392
formononetin,KDM4C,MOL000392
formononetin,CNOT7,MOL000392
formononetin,AURKB,MOL000392
formononetin,GSK3B,MOL000392
formononetin,LIG1,MOL000392
formononetin,HSP90AA1,MOL000392
formononetin,BIRC5,MOL000392
formononetin,KCNMA1,MOL000392
formononetin,FLT3,MOL000392
formononetin,LRRK2,MOL000392
formononetin,GCGR,MOL000392
formononetin,PTGER1,MOL000392
formononetin,PTGER2,MOL000392
formononetin,PTGER3,MOL000392
formononetin,PTGDR,MOL000392
formononetin,PLG,MOL000392
formononetin,CCNB3,MOL000392
isoflavanone,CYP19A1,MOL000398
isoflavanone,ALOX12,MOL000398
isoflavanone,ALOX15,MOL000398
isoflavanone,ESR1,MOL000398
isoflavanone,MT-ND4,MOL000398
isoflavanone,CDK2,MOL000398
isoflavanone,KDR,MOL000398
isoflavanone,MAOB,MOL000398
isoflavanone,MET,MOL000398
isoflavanone,MAP2K1,MOL000398
isoflavanone,RET,MOL000398
isoflavanone,ADORA2A,MOL000398
isoflavanone,CDK1,MOL000398
isoflavanone,ALOX15B,MOL000398
isoflavanone,CDK4,MOL000398
isoflavanone,ADAM17,MOL000398
isoflavanone,PIK3R1,MOL000398
isoflavanone,EPHB2,MOL000398
isoflavanone,SRC,MOL000398
isoflavanone,ESR2,MOL000398
isoflavanone,CCND3,MOL000398
isoflavanone,LCK,MOL000398
isoflavanone,MMP1,MOL000398
isoflavanone,EZR,MOL000398
isoflavanone,MMP7,MOL000398
isoflavanone,MMP8,MOL000398
isoflavanone,HTR6,MOL000398
isoflavanone,BMP1,MOL000398
isoflavanone,KIT,MOL000398
isoflavanone,ALPG,MOL000398
isoflavanone,ALPL,MOL000398
isoflavanone,PLAA,MOL000398
isoflavanone,KLK1,MOL000398
isoflavanone,KLK2,MOL000398
isoflavanone,VCP,MOL000398
isoflavanone,HDAC3,MOL000398
isoflavanone,HDAC2,MOL000398
isoflavanone,DBF4,MOL000398
isoflavanone,HSD17B2,MOL000398
isoflavanone,PTPN1,MOL000398
isoflavanone,HSP90AA1,MOL000398
isoflavanone,GSK3B,MOL000398
isoflavanone,MME,MOL000398
isoflavanone,ODC1,MOL000398
isoflavanone,PDE5A,MOL000398
isoflavanone,FGFR1,MOL000398
isoflavanone,EP300,MOL000398
isoflavanone,AR,MOL000398
isoflavanone,MMP16,MOL000398
isoflavanone,ROCK1,MOL000398
isoflavanone,PRKACA,MOL000398
isoflavanone,KCNA3,MOL000398
isoflavanone,MAPKAPK2,MOL000398
isoflavanone,CSNK1G1,MOL000398
isoflavanone,RPS6KA1,MOL000398
isoflavanone,RPS6KA2,MOL000398
isoflavanone,MAPK1,MOL000398
isoflavanone,CCND1,MOL000398
isoflavanone,CCNE2,MOL000398
isoflavanone,CCNB3,MOL000398
isoflavanone,ABL1,MOL000398
isoflavanone,CHRNA7,MOL000398
isoflavanone,SYK,MOL000398
isoflavanone,PRKCA,MOL000398
isoflavanone,TNF,MOL000398
isoflavanone,LNPEP,MOL000398
isoflavanone,HSD17B3,MOL000398
isoflavanone,CHEK1,MOL000398
isoflavanone,WEE1,MOL000398
isoflavanone,AKR1B10,MOL000398
isoflavanone,MIF,MOL000398
isoflavanone,PDE7A,MOL000398
isoflavanone,TOP1,MOL000398
isoflavanone,MMP25,MOL000398
isoflavanone,CDK5R1,MOL000398
isoflavanone,ANPEP,MOL000398
isoflavanone,HDAC5,MOL000398
isoflavanone,CLK1,MOL000398
isoflavanone,CLK3,MOL000398
isoflavanone,DYRK2,MOL000398
isoflavanone,ADAM10,MOL000398
isoflavanone,NCOR2,MOL000398
isoflavanone,HDAC7,MOL000398
isoflavanone,PDE4B,MOL000398
isoflavanone,PDE4C,MOL000398
isoflavanone,NCOR1,MOL000398
isoflavanone,HDAC11,MOL000398
isoflavanone,HDAC4,MOL000398
isoflavanone,HDAC9,MOL000398
isoflavanone,CXCR2,MOL000398
isoflavanone,MMP15,MOL000398
isoflavanone,MMP26,MOL000398
isoflavanone,AURKA,MOL000398
isoflavanone,PDK1,MOL000398
isoflavanone,DNM1,MOL000398
isoflavanone,TRPM8,MOL000398
isoflavanone,NR4A1,MOL000398
isoflavanone,PIM2,MOL000398
isoflavanone,PTK6,MOL000398
isoflavanone,MTOR,MOL000398
Calycosin,CYP19A1,MOL000417
Calycosin,CA7,MOL000417
Calycosin,HSD17B2,MOL000417
Calycosin,CA12,MOL000417
Calycosin,CA4,MOL000417
Calycosin,CBR1,MOL000417
Calycosin,ABCB1,MOL000417
Calycosin,TYR,MOL000417
Calycosin,MIF,MOL000417
Calycosin,PPARA,MOL000417
Calycosin,HSD17B1,MOL000417
Calycosin,ESR1,MOL000417
Calycosin,ESR2,MOL000417
Calycosin,TLR9,MOL000417
Calycosin,PTPRS,MOL000417
Calycosin,EGFR,MOL000417
Calycosin,MAOB,MOL000417
Calycosin,ALDH2,MOL000417
Calycosin,XDH,MOL000417
Calycosin,ALOX12,MOL000417
Calycosin,PTGS1,MOL000417
Calycosin,SLC6A2,MOL000417
Calycosin,TBXAS1,MOL000417
Calycosin,MAOA,MOL000417
Calycosin,MGAM,MOL000417
Calycosin,HTR2A,MOL000417
Calycosin,HTR2C,MOL000417
Calycosin,ADORA1,MOL000417
Calycosin,ADORA2A,MOL000417
Calycosin,ESRRA,MOL000417
Calycosin,ESRRB,MOL000417
Calycosin,ABCG2,MOL000417
Calycosin,CA2,MOL000417
Calycosin,IL2,MOL000417
Calycosin,PFKFB3,MOL000417
Calycosin,NOX4,MOL000417
Calycosin,ALOX15,MOL000417
Calycosin,CA1,MOL000417
Calycosin,PTPN1,MOL000417
Calycosin,PON1,MOL000417
Calycosin,ABCC1,MOL000417
Calycosin,CYP1B1,MOL000417
Calycosin,DUSP3,MOL000417
Calycosin,CDC25B,MOL000417
Calycosin,CDC7,MOL000417
Calycosin,PLAT,MOL000417
Calycosin,F10,MOL000417
Calycosin,PLAU,MOL000417
Calycosin,ACHE,MOL000417
Calycosin,STS,MOL000417
Calycosin,CA5B,MOL000417
Calycosin,HSP90AB1,MOL000417
Calycosin,PTK6,MOL000417
Calycosin,TNF,MOL000417
Calycosin,TBXA2R,MOL000417
Calycosin,AKR1B1,MOL000417
Calycosin,MCL1,MOL000417
Calycosin,IGFBP3,MOL000417
Calycosin,BACE1,MOL000417
Calycosin,BAD,MOL000417
Calycosin,PLG,MOL000417
Calycosin,CXCR2,MOL000417
Calycosin,PRMT1,MOL000417
Calycosin,SNCA,MOL000417
Calycosin,GCGR,MOL000417
Calycosin,CHEK1,MOL000417
Calycosin,WEE1,MOL000417
Calycosin,CCR4,MOL000417
Calycosin,ADRB2,MOL000417
Calycosin,KLKB1,MOL000417
Calycosin,CA9,MOL000417
Calycosin,IGFBP6,MOL000417
Calycosin,IGFBP4,MOL000417
Calycosin,IGFBP5,MOL000417
Calycosin,IGFBP2,MOL000417
Calycosin,IGFBP1,MOL000417
Calycosin,HSP90B1,MOL000417
Calycosin,RAF1,MOL000417
Calycosin,NTRK1,MOL000417
Calycosin,PIM2,MOL000417
Calycosin,BRAF,MOL000417
Calycosin,PIM3,MOL000417
Calycosin,TNNC1,MOL000417
Calycosin,PPARG,MOL000417
Calycosin,KDM1A,MOL000417
Calycosin,CA3,MOL000417
Calycosin,CA6,MOL000417
Calycosin,CA14,MOL000417
Calycosin,CA13,MOL000417
Calycosin,CA5A,MOL000417
Calycosin,ALPL,MOL000417
Calycosin,ALOX5,MOL000417
Calycosin,ADRB1,MOL000417
Calycosin,SORT1,MOL000417
Calycosin,PRSS1,MOL000417
Calycosin,CRHR1,MOL000417
Calycosin,CHEK2,MOL000417
Calycosin,HSP90AA1,MOL000417
Calycosin,GPR84,MOL000417
Calycosin,TLR8,MOL000417
kaempferol,NOX4,MOL000422
kaempferol,AKR1B1,MOL000422
kaempferol,XDH,MOL000422
kaempferol,TYR,MOL000422
kaempferol,FLT3,MOL000422
kaempferol,CA2,MOL000422
kaempferol,ALOX5,MOL000422
kaempferol,CA7,MOL000422
kaempferol,HSD17B2,MOL000422
kaempferol,ABCC1,MOL000422
kaempferol,HSD17B1,MOL000422
kaempferol,AHR,MOL000422
kaempferol,CA12,MOL000422
kaempferol,ESRRA,MOL000422
kaempferol,ABCB1,MOL000422
kaempferol,CYP1B1,MOL000422
kaempferol,ABCG2,MOL000422
kaempferol,ADORA1,MOL000422
kaempferol,CA4,MOL000422
kaempferol,ACHE,MOL000422
kaempferol,MAOA,MOL000422
kaempferol,GLO1,MOL000422
kaempferol,SYK,MOL000422
kaempferol,GSK3B,MOL000422
kaempferol,MMP9,MOL000422
kaempferol,MMP2,MOL000422
kaempferol,ALOX15,MOL000422
kaempferol,ALOX12,MOL000422
kaempferol,PTPRS,MOL000422
kaempferol,ADORA2A,MOL000422
kaempferol,CDK5R1,MOL000422
kaempferol,CCNB3,MOL000422
kaempferol,ARG1,MOL000422
kaempferol,GPR35,MOL000422
kaempferol,ESR2,MOL000422
kaempferol,DAPK1,MOL000422
kaempferol,MPG,MOL000422
kaempferol,SLC22A12,MOL000422
kaempferol,TTR,MOL000422
kaempferol,AKR1B10,MOL000422
kaempferol,TNKS2,MOL000422
kaempferol,TNKS,MOL000422
kaempferol,CDK6,MOL000422
kaempferol,CDK2,MOL000422
kaempferol,CYP19A1,MOL000422
kaempferol,CSNK2A1,MOL000422
kaempferol,EGFR,MOL000422
kaempferol,AVPR2,MOL000422
kaempferol,IGF1R,MOL000422
kaempferol,F2,MOL000422
kaempferol,PIM1,MOL000422
kaempferol,AURKB,MOL000422
kaempferol,DRD4,MOL000422
kaempferol,MPO,MOL000422
kaempferol,PIK3R1,MOL000422
kaempferol,PYGL,MOL000422
kaempferol,CA1,MOL000422
kaempferol,SRC,MOL000422
kaempferol,PTK2,MOL000422
kaempferol,KDR,MOL000422
kaempferol,MMP13,MOL000422
kaempferol,MMP3,MOL000422
kaempferol,CA3,MOL000422
kaempferol,PLK1,MOL000422
kaempferol,CA6,MOL000422
kaempferol,CDK1,MOL000422
kaempferol,PKN1,MOL000422
kaempferol,CA14,MOL000422
kaempferol,CA9,MOL000422
kaempferol,MET,MOL000422
kaempferol,NEK2,MOL000422
kaempferol,CXCR1,MOL000422
kaempferol,CAMK2B,MOL000422
kaempferol,ALK,MOL000422
kaempferol,AKT1,MOL000422
kaempferol,NEK6,MOL000422
kaempferol,PLA2G1B,MOL000422
kaempferol,CA5A,MOL000422
kaempferol,BACE1,MOL000422
kaempferol,AXL,MOL000422
kaempferol,NUAK1,MOL000422
kaempferol,AKR1C2,MOL000422
kaempferol,AKR1C1,MOL000422
kaempferol,AKR1C3,MOL000422
kaempferol,AKR1C4,MOL000422
kaempferol,CA13,MOL000422
kaempferol,AKR1A1,MOL000422
kaempferol,APP,MOL000422
kaempferol,PARP1,MOL000422
kaempferol,MMP12,MOL000422
kaempferol,CD38,MOL000422
kaempferol,TOP1,MOL000422
kaempferol,ESR1,MOL000422
kaempferol,PTGS2,MOL000422
kaempferol,CFTR,MOL000422
kaempferol,PFKFB3,MOL000422
kaempferol,AMY1A,MOL000422
kaempferol,GRK6,MOL000422
kaempferol,TERT,MOL000422
kaempferol,MAPT,MOL000422
"(3R)-3-(2-hydroxy-3,4-dimethoxyphenyl)chroman-7-ol",ALOX15,MOL000438
"(3R)-3-(2-hydroxy-3,4-dimethoxyphenyl)chroman-7-ol",ALOX12,MOL000438
"(3R)-3-(2-hydroxy-3,4-dimethoxyphenyl)chroman-7-ol",ALOX15B,MOL000438
"(3R)-3-(2-hydroxy-3,4-dimethoxyphenyl)chroman-7-ol",CHEK1,MOL000438
"(3R)-3-(2-hydroxy-3,4-dimethoxyphenyl)chroman-7-ol",WEE1,MOL000438
"(3R)-3-(2-hydroxy-3,4-dimethoxyphenyl)chroman-7-ol",KDR,MOL000438
"(3R)-3-(2-hydroxy-3,4-dimethoxyphenyl)chroman-7-ol",HSP90AA1,MOL000438
"(3R)-3-(2-hydroxy-3,4-dimethoxyphenyl)chroman-7-ol",RET,MOL000438
"(3R)-3-(2-hydroxy-3,4-dimethoxyphenyl)chroman-7-ol",PIK3R1,MOL000438
"(3R)-3-(2-hydroxy-3,4-dimethoxyphenyl)chroman-7-ol",CDK2,MOL000438
"(3R)-3-(2-hydroxy-3,4-dimethoxyphenyl)chroman-7-ol",EPHB2,MOL000438
"(3R)-3-(2-hydroxy-3,4-dimethoxyphenyl)chroman-7-ol",CYP19A1,MOL000438
"(3R)-3-(2-hydroxy-3,4-dimethoxyphenyl)chroman-7-ol",EZR,MOL000438
"(3R)-3-(2-hydroxy-3,4-dimethoxyphenyl)chroman-7-ol",GSK3B,MOL000438
"(3R)-3-(2-hydroxy-3,4-dimethoxyphenyl)chroman-7-ol",CDK4,MOL000438
"(3R)-3-(2-hydroxy-3,4-dimethoxyphenyl)chroman-7-ol",HTT,MOL000438
"(3R)-3-(2-hydroxy-3,4-dimethoxyphenyl)chroman-7-ol",MIF,MOL000438
"(3R)-3-(2-hydroxy-3,4-dimethoxyphenyl)chroman-7-ol",NR4A1,MOL000438
"(3R)-3-(2-hydroxy-3,4-dimethoxyphenyl)chroman-7-ol",RPS6KA2,MOL000438
"(3R)-3-(2-hydroxy-3,4-dimethoxyphenyl)chroman-7-ol",MET,MOL000438
"(3R)-3-(2-hydroxy-3,4-dimethoxyphenyl)chroman-7-ol",HSD17B3,MOL000438
"(3R)-3-(2-hydroxy-3,4-dimethoxyphenyl)chroman-7-ol",HDAC3,MOL000438
"(3R)-3-(2-hydroxy-3,4-dimethoxyphenyl)chroman-7-ol",HDAC2,MOL000438
"(3R)-3-(2-hydroxy-3,4-dimethoxyphenyl)chroman-7-ol",CCND3,MOL000438
"(3R)-3-(2-hydroxy-3,4-dimethoxyphenyl)chroman-7-ol",NCOR2,MOL000438
"(3R)-3-(2-hydroxy-3,4-dimethoxyphenyl)chroman-7-ol",HDAC5,MOL000438
"(3R)-3-(2-hydroxy-3,4-dimethoxyphenyl)chroman-7-ol",HDAC7,MOL000438
"(3R)-3-(2-hydroxy-3,4-dimethoxyphenyl)chroman-7-ol",CTSS,MOL000438
"(3R)-3-(2-hydroxy-3,4-dimethoxyphenyl)chroman-7-ol",NCOR1,MOL000438
"(3R)-3-(2-hydroxy-3,4-dimethoxyphenyl)chroman-7-ol",HDAC11,MOL000438
"(3R)-3-(2-hydroxy-3,4-dimethoxyphenyl)chroman-7-ol",HDAC4,MOL000438
"(3R)-3-(2-hydroxy-3,4-dimethoxyphenyl)chroman-7-ol",HDAC9,MOL000438
"(3R)-3-(2-hydroxy-3,4-dimethoxyphenyl)chroman-7-ol",HDAC10,MOL000438
"(3R)-3-(2-hydroxy-3,4-dimethoxyphenyl)chroman-7-ol",MMP8,MOL000438
"(3R)-3-(2-hydroxy-3,4-dimethoxyphenyl)chroman-7-ol",VCP,MOL000438
"(3R)-3-(2-hydroxy-3,4-dimethoxyphenyl)chroman-7-ol",PIM1,MOL000438
"(3R)-3-(2-hydroxy-3,4-dimethoxyphenyl)chroman-7-ol",ADAM17,MOL000438
"(3R)-3-(2-hydroxy-3,4-dimethoxyphenyl)chroman-7-ol",PIM2,MOL000438
"(3R)-3-(2-hydroxy-3,4-dimethoxyphenyl)chroman-7-ol",FLT1,MOL000438
"(3R)-3-(2-hydroxy-3,4-dimethoxyphenyl)chroman-7-ol",MAOB,MOL000438
"(3R)-3-(2-hydroxy-3,4-dimethoxyphenyl)chroman-7-ol",MMP25,MOL000438
"(3R)-3-(2-hydroxy-3,4-dimethoxyphenyl)chroman-7-ol",MMP16,MOL000438
"(3R)-3-(2-hydroxy-3,4-dimethoxyphenyl)chroman-7-ol",MMP1,MOL000438
"(3R)-3-(2-hydroxy-3,4-dimethoxyphenyl)chroman-7-ol",BMP1,MOL000438
"(3R)-3-(2-hydroxy-3,4-dimethoxyphenyl)chroman-7-ol",MMP7,MOL000438
"(3R)-3-(2-hydroxy-3,4-dimethoxyphenyl)chroman-7-ol",ADAM10,MOL000438
"(3R)-3-(2-hydroxy-3,4-dimethoxyphenyl)chroman-7-ol",CDK1,MOL000438
"(3R)-3-(2-hydroxy-3,4-dimethoxyphenyl)chroman-7-ol",MTOR,MOL000438
"(3R)-3-(2-hydroxy-3,4-dimethoxyphenyl)chroman-7-ol",PIK3CD,MOL000438
"(3R)-3-(2-hydroxy-3,4-dimethoxyphenyl)chroman-7-ol",PIK3CB,MOL000438
"(3R)-3-(2-hydroxy-3,4-dimethoxyphenyl)chroman-7-ol",PIK3CG,MOL000438
"(3R)-3-(2-hydroxy-3,4-dimethoxyphenyl)chroman-7-ol",PIK3CA,MOL000438
"(3R)-3-(2-hydroxy-3,4-dimethoxyphenyl)chroman-7-ol",RAF1,MOL000438
"(3R)-3-(2-hydroxy-3,4-dimethoxyphenyl)chroman-7-ol",DNM1,MOL000438
"(3R)-3-(2-hydroxy-3,4-dimethoxyphenyl)chroman-7-ol",TYR,MOL000438
"(3R)-3-(2-hydroxy-3,4-dimethoxyphenyl)chroman-7-ol",SIGMAR1,MOL000438
"(3R)-3-(2-hydroxy-3,4-dimethoxyphenyl)chroman-7-ol",MKNK1,MOL000438
"(3R)-3-(2-hydroxy-3,4-dimethoxyphenyl)chroman-7-ol",SYK,MOL000438
"(3R)-3-(2-hydroxy-3,4-dimethoxyphenyl)chroman-7-ol",MAPKAPK2,MOL000438
"(3R)-3-(2-hydroxy-3,4-dimethoxyphenyl)chroman-7-ol",LNPEP,MOL000438
"(3R)-3-(2-hydroxy-3,4-dimethoxyphenyl)chroman-7-ol",AURKA,MOL000438
"(3R)-3-(2-hydroxy-3,4-dimethoxyphenyl)chroman-7-ol",ADORA2A,MOL000438
"(3R)-3-(2-hydroxy-3,4-dimethoxyphenyl)chroman-7-ol",COMT,MOL000438
"(3R)-3-(2-hydroxy-3,4-dimethoxyphenyl)chroman-7-ol",LCK,MOL000438
"(3R)-3-(2-hydroxy-3,4-dimethoxyphenyl)chroman-7-ol",HSD17B2,MOL000438
"(3R)-3-(2-hydroxy-3,4-dimethoxyphenyl)chroman-7-ol",PIM3,MOL000438
"(3R)-3-(2-hydroxy-3,4-dimethoxyphenyl)chroman-7-ol",CASP3,MOL000438
"(3R)-3-(2-hydroxy-3,4-dimethoxyphenyl)chroman-7-ol",CASP7,MOL000438
"(3R)-3-(2-hydroxy-3,4-dimethoxyphenyl)chroman-7-ol",TBK1,MOL000438
"(3R)-3-(2-hydroxy-3,4-dimethoxyphenyl)chroman-7-ol",TOP1,MOL000438
"(3R)-3-(2-hydroxy-3,4-dimethoxyphenyl)chroman-7-ol",PDE7A,MOL000438
"(3R)-3-(2-hydroxy-3,4-dimethoxyphenyl)chroman-7-ol",PDK1,MOL000438
"(3R)-3-(2-hydroxy-3,4-dimethoxyphenyl)chroman-7-ol",SRC,MOL000438
"(3R)-3-(2-hydroxy-3,4-dimethoxyphenyl)chroman-7-ol",ABL1,MOL000438
"(3R)-3-(2-hydroxy-3,4-dimethoxyphenyl)chroman-7-ol",BRAF,MOL000438
"(3R)-3-(2-hydroxy-3,4-dimethoxyphenyl)chroman-7-ol",PLK1,MOL000438
"(3R)-3-(2-hydroxy-3,4-dimethoxyphenyl)chroman-7-ol",ALPL,MOL000438
"(3R)-3-(2-hydroxy-3,4-dimethoxyphenyl)chroman-7-ol",CCND1,MOL000438
"(3R)-3-(2-hydroxy-3,4-dimethoxyphenyl)chroman-7-ol",CCNE2,MOL000438
"(3R)-3-(2-hydroxy-3,4-dimethoxyphenyl)chroman-7-ol",MBD2,MOL000438
"(3R)-3-(2-hydroxy-3,4-dimethoxyphenyl)chroman-7-ol",PTGS1,MOL000438
"(3R)-3-(2-hydroxy-3,4-dimethoxyphenyl)chroman-7-ol",EGFR,MOL000438
"(3R)-3-(2-hydroxy-3,4-dimethoxyphenyl)chroman-7-ol",DBF4,MOL000438
"(3R)-3-(2-hydroxy-3,4-dimethoxyphenyl)chroman-7-ol",AKR1B10,MOL000438
"(3R)-3-(2-hydroxy-3,4-dimethoxyphenyl)chroman-7-ol",AKT1,MOL000438
"(3R)-3-(2-hydroxy-3,4-dimethoxyphenyl)chroman-7-ol",CCNE1,MOL000438
"(3R)-3-(2-hydroxy-3,4-dimethoxyphenyl)chroman-7-ol",AURKB,MOL000438
"(3R)-3-(2-hydroxy-3,4-dimethoxyphenyl)chroman-7-ol",CSNK1G1,MOL000438
"(3R)-3-(2-hydroxy-3,4-dimethoxyphenyl)chroman-7-ol",RPS6KA1,MOL000438
"(3R)-3-(2-hydroxy-3,4-dimethoxyphenyl)chroman-7-ol",ROCK1,MOL000438
"(3R)-3-(2-hydroxy-3,4-dimethoxyphenyl)chroman-7-ol",MAPK1,MOL000438
"(3R)-3-(2-hydroxy-3,4-dimethoxyphenyl)chroman-7-ol",PDE10A,MOL000438
"(3R)-3-(2-hydroxy-3,4-dimethoxyphenyl)chroman-7-ol",ECE1,MOL000438
"(3R)-3-(2-hydroxy-3,4-dimethoxyphenyl)chroman-7-ol",TAAR1,MOL000438
"(3R)-3-(2-hydroxy-3,4-dimethoxyphenyl)chroman-7-ol",CA2,MOL000438
"(3R)-3-(2-hydroxy-3,4-dimethoxyphenyl)chroman-7-ol",CA1,MOL000438
"(3R)-3-(2-hydroxy-3,4-dimethoxyphenyl)chroman-7-ol",CA12,MOL000438
"(3R)-3-(2-hydroxy-3,4-dimethoxyphenyl)chroman-7-ol",CA9,MOL000438
"1,7-Dihydroxy-3,9-dimethoxy pterocarpene",PLA2G1B,MOL000442
"1,7-Dihydroxy-3,9-dimethoxy pterocarpene",CBR1,MOL000442
"1,7-Dihydroxy-3,9-dimethoxy pterocarpene",EIF2AK3,MOL000442
"1,7-Dihydroxy-3,9-dimethoxy pterocarpene",HSP90AB1,MOL000442
"1,7-Dihydroxy-3,9-dimethoxy pterocarpene",TTK,MOL000442
"1,7-Dihydroxy-3,9-dimethoxy pterocarpene",PTGER3,MOL000442
"1,7-Dihydroxy-3,9-dimethoxy pterocarpene",BRAF,MOL000442
"1,7-Dihydroxy-3,9-dimethoxy pterocarpene",PIK3CA,MOL000442
"1,7-Dihydroxy-3,9-dimethoxy pterocarpene",ANO1,MOL000442
"1,7-Dihydroxy-3,9-dimethoxy pterocarpene",FBP1,MOL000442
"1,7-Dihydroxy-3,9-dimethoxy pterocarpene",ADAM17,MOL000442
"1,7-Dihydroxy-3,9-dimethoxy pterocarpene",EDNRB,MOL000442
"1,7-Dihydroxy-3,9-dimethoxy pterocarpene",EWS-Fli1,MOL000442
"1,7-Dihydroxy-3,9-dimethoxy pterocarpene",CCR4,MOL000442
"1,7-Dihydroxy-3,9-dimethoxy pterocarpene",HSP90AA1,MOL000442
"1,7-Dihydroxy-3,9-dimethoxy pterocarpene",SCN9A,MOL000442
"1,7-Dihydroxy-3,9-dimethoxy pterocarpene",HPRT1,MOL000442
"1,7-Dihydroxy-3,9-dimethoxy pterocarpene",CASP8,MOL000442
"1,7-Dihydroxy-3,9-dimethoxy pterocarpene",NQO2,MOL000442
"1,7-Dihydroxy-3,9-dimethoxy pterocarpene",CASP1,MOL000442
"1,7-Dihydroxy-3,9-dimethoxy pterocarpene",ABCG2,MOL000442
"1,7-Dihydroxy-3,9-dimethoxy pterocarpene",BACE2,MOL000442
"1,7-Dihydroxy-3,9-dimethoxy pterocarpene",CASP3,MOL000442
"1,7-Dihydroxy-3,9-dimethoxy pterocarpene",PFKFB4,MOL000442
"1,7-Dihydroxy-3,9-dimethoxy pterocarpene",PNP,MOL000442
"1,7-Dihydroxy-3,9-dimethoxy pterocarpene",CCKAR,MOL000442
"1,7-Dihydroxy-3,9-dimethoxy pterocarpene",CCKBR,MOL000442
"1,7-Dihydroxy-3,9-dimethoxy pterocarpene",BDKRB1,MOL000442
"1,7-Dihydroxy-3,9-dimethoxy pterocarpene",MMP1,MOL000442
"1,7-Dihydroxy-3,9-dimethoxy pterocarpene",ESR1,MOL000442
"1,7-Dihydroxy-3,9-dimethoxy pterocarpene",NFKBIA,MOL000442
"1,7-Dihydroxy-3,9-dimethoxy pterocarpene",RELA,MOL000442
"1,7-Dihydroxy-3,9-dimethoxy pterocarpene",CXCR2,MOL000442
"1,7-Dihydroxy-3,9-dimethoxy pterocarpene",P2RX3,MOL000442
"1,7-Dihydroxy-3,9-dimethoxy pterocarpene",IMPDH2,MOL000442
"1,7-Dihydroxy-3,9-dimethoxy pterocarpene",MMP8,MOL000442
"1,7-Dihydroxy-3,9-dimethoxy pterocarpene",MAP3K7,MOL000442
"1,7-Dihydroxy-3,9-dimethoxy pterocarpene",ERN1,MOL000442
"1,7-Dihydroxy-3,9-dimethoxy pterocarpene",CMA1,MOL000442
"1,7-Dihydroxy-3,9-dimethoxy pterocarpene",CTSG,MOL000442
"1,7-Dihydroxy-3,9-dimethoxy pterocarpene",ABL1,MOL000442
"1,7-Dihydroxy-3,9-dimethoxy pterocarpene",GABRB3,MOL000442
"1,7-Dihydroxy-3,9-dimethoxy pterocarpene",GABRA2,MOL000442
"1,7-Dihydroxy-3,9-dimethoxy pterocarpene",GABRG2,MOL000442
"1,7-Dihydroxy-3,9-dimethoxy pterocarpene",MTOR,MOL000442
"1,7-Dihydroxy-3,9-dimethoxy pterocarpene",PIK3CD,MOL000442
"1,7-Dihydroxy-3,9-dimethoxy pterocarpene",PRKDC,MOL000442
"1,7-Dihydroxy-3,9-dimethoxy pterocarpene",PIK3CB,MOL000442
"1,7-Dihydroxy-3,9-dimethoxy pterocarpene",HCK,MOL000442
"1,7-Dihydroxy-3,9-dimethoxy pterocarpene",PDE10A,MOL000442
"1,7-Dihydroxy-3,9-dimethoxy pterocarpene",EPHB4,MOL000442
"1,7-Dihydroxy-3,9-dimethoxy pterocarpene",MAPK10,MOL000442
"1,7-Dihydroxy-3,9-dimethoxy pterocarpene",ECE1,MOL000442
"1,7-Dihydroxy-3,9-dimethoxy pterocarpene",LDHA,MOL000442
"1,7-Dihydroxy-3,9-dimethoxy pterocarpene",BRD4,MOL000442
"1,7-Dihydroxy-3,9-dimethoxy pterocarpene",ADRA2A,MOL000442
"1,7-Dihydroxy-3,9-dimethoxy pterocarpene",ADORA2B,MOL000442
"1,7-Dihydroxy-3,9-dimethoxy pterocarpene",ACPP,MOL000442
"1,7-Dihydroxy-3,9-dimethoxy pterocarpene",PI4KB,MOL000442
"1,7-Dihydroxy-3,9-dimethoxy pterocarpene",MMP7,MOL000442
"1,7-Dihydroxy-3,9-dimethoxy pterocarpene",AURKA,MOL000442
"1,7-Dihydroxy-3,9-dimethoxy pterocarpene",PRKCE,MOL000442
"1,7-Dihydroxy-3,9-dimethoxy pterocarpene",HSD17B3,MOL000442
"1,7-Dihydroxy-3,9-dimethoxy pterocarpene",F10,MOL000442
"1,7-Dihydroxy-3,9-dimethoxy pterocarpene",BCHE,MOL000442
"1,7-Dihydroxy-3,9-dimethoxy pterocarpene",PLA2G7,MOL000442
"1,7-Dihydroxy-3,9-dimethoxy pterocarpene",PTK2B,MOL000442
"1,7-Dihydroxy-3,9-dimethoxy pterocarpene",GCK,MOL000442
"1,7-Dihydroxy-3,9-dimethoxy pterocarpene",LRRK2,MOL000442
"1,7-Dihydroxy-3,9-dimethoxy pterocarpene",FLT1,MOL000442
"1,7-Dihydroxy-3,9-dimethoxy pterocarpene",CES1,MOL000442
"1,7-Dihydroxy-3,9-dimethoxy pterocarpene",CTSD,MOL000442
"1,7-Dihydroxy-3,9-dimethoxy pterocarpene",FCER2,MOL000442
"1,7-Dihydroxy-3,9-dimethoxy pterocarpene",TYMP,MOL000442
"1,7-Dihydroxy-3,9-dimethoxy pterocarpene",CES2,MOL000442
"1,7-Dihydroxy-3,9-dimethoxy pterocarpene",FGFR1,MOL000442
"1,7-Dihydroxy-3,9-dimethoxy pterocarpene",MMP14,MOL000442
"1,7-Dihydroxy-3,9-dimethoxy pterocarpene",GLI1,MOL000442
"1,7-Dihydroxy-3,9-dimethoxy pterocarpene",CCNE2,MOL000442
"1,7-Dihydroxy-3,9-dimethoxy pterocarpene",MAPK8,MOL000442
"1,7-Dihydroxy-3,9-dimethoxy pterocarpene",GSK3A,MOL000442
"1,7-Dihydroxy-3,9-dimethoxy pterocarpene",TK2,MOL000442
"1,7-Dihydroxy-3,9-dimethoxy pterocarpene",CCR9,MOL000442
"1,7-Dihydroxy-3,9-dimethoxy pterocarpene",CPT1A,MOL000442
"1,7-Dihydroxy-3,9-dimethoxy pterocarpene",HTR2B,MOL000442
"1,7-Dihydroxy-3,9-dimethoxy pterocarpene",TYMS,MOL000442
"1,7-Dihydroxy-3,9-dimethoxy pterocarpene",CPT1B,MOL000442
"1,7-Dihydroxy-3,9-dimethoxy pterocarpene",BMP1,MOL000442
"1,7-Dihydroxy-3,9-dimethoxy pterocarpene",MAPK1,MOL000442
"1,7-Dihydroxy-3,9-dimethoxy pterocarpene",JAK3,MOL000442
"1,7-Dihydroxy-3,9-dimethoxy pterocarpene",LCK,MOL000442
"1,7-Dihydroxy-3,9-dimethoxy pterocarpene",GUSB,MOL000442
"1,7-Dihydroxy-3,9-dimethoxy pterocarpene",HTR6,MOL000442
"1,7-Dihydroxy-3,9-dimethoxy pterocarpene",MMP12,MOL000442
"1,7-Dihydroxy-3,9-dimethoxy pterocarpene",GABRA5,MOL000442
"1,7-Dihydroxy-3,9-dimethoxy pterocarpene",ELAVL1,MOL000442
"1,7-Dihydroxy-3,9-dimethoxy pterocarpene",ODC1,MOL000442
"1,7-Dihydroxy-3,9-dimethoxy pterocarpene",PKM,MOL000442
Mairin,SAE1,MOL000211
Mairin,POLB,MOL000211
Mairin,AKR1B10,MOL000211
Mairin,HSD11B1,MOL000211
Mairin,PTPN1,MOL000211
Mairin,PTGES,MOL000211
Mairin,NR1H4,MOL000211
Mairin,CDC25C,MOL000211
Mairin,PTPN2,MOL000211
Mairin,GPBAR1,MOL000211
Mairin,TOP2A,MOL000211
Mairin,CDC25A,MOL000211
Mairin,RORC,MOL000211
Mairin,PTPRF,MOL000211
Mairin,ACP1,MOL000211
Mairin,PDE4D,MOL000211
Mairin,PLA2G1B,MOL000211
Mairin,CDC25B,MOL000211
Mairin,CES2,MOL000211
Mairin,AR,MOL000211
Mairin,TERT,MOL000211
Mairin,FAAH,MOL000211
Mairin,FABP3,MOL000211
Mairin,FABP5,MOL000211
Mairin,PPARD,MOL000211
Mairin,FABP1,MOL000211
Mairin,PTPN11,MOL000211
Mairin,UGT2B7,MOL000211
Mairin,SCD,MOL000211
Mairin,SERPINA6,MOL000211
Mairin,SHBG,MOL000211
Mairin,G6PD,MOL000211
Mairin,CYP51A1,MOL000211
Mairin,CYP19A1,MOL000211
Mairin,HSD17B3,MOL000211
Mairin,GABBR1,MOL000211
Mairin,TOP1,MOL000211
Mairin,NPC1L1,MOL000211
Mairin,SIGMAR1,MOL000211
Mairin,CYP17A1,MOL000211
Mairin,VDR,MOL000211
Mairin,GABRA2,MOL000211
Mairin,PPARG,MOL000211
Mairin,PTPN6,MOL000211
Mairin,SLC6A3,MOL000211
Mairin,ADORA3,MOL000211
Mairin,MAPK3,MOL000211
Mairin,FFAR1,MOL000211
Mairin,FABP2,MOL000211
Mairin,PTGS2,MOL000211
Mairin,CD81,MOL000211
Mairin,PRKCH,MOL000211
Mairin,HSD11B2,MOL000211
Mairin,HSF1,MOL000211
Mairin,ALOX5AP,MOL000211
Mairin,PTGS1,MOL000211
Mairin,NR3C1,MOL000211
Mairin,RORA,MOL000211
Mairin,NR1H3,MOL000211
Mairin,TLR9,MOL000211
Mairin,NR3C2,MOL000211
Mairin,MDM2,MOL000211
Mairin,ACE,MOL000211
Mairin,IKBKB,MOL000211
Mairin,PTGER2,MOL000211
Mairin,MMP3,MOL000211
Mairin,MMP1,MOL000211
Mairin,MMP2,MOL000211
Mairin,PGR,MOL000211
Mairin,SLC22A6,MOL000211
Mairin,PTGER1,MOL000211
Mairin,PPARA,MOL000211
Mairin,AGTR1,MOL000211
Mairin,FNTA,MOL000211
Mairin,PREP,MOL000211
Mairin,FABP4,MOL000211
Mairin,HMGCR,MOL000211
Mairin,ESR2,MOL000211
Mairin,PLA2G4A,MOL000211
Mairin,THRA,MOL000211
Mairin,THRB,MOL000211
Mairin,RXRB,MOL000211
Mairin,RXRG,MOL000211
Mairin,RARB,MOL000211
Mairin,RARA,MOL000211
Mairin,RXRA,MOL000211
Mairin,AMPD2,MOL000211
Mairin,EDNRA,MOL000211
Mairin,CDC45,MOL000211
Mairin,PTPRC,MOL000211
Mairin,IDO1,MOL000211
Mairin,PTGDR2,MOL000211
Mairin,NOS2,MOL000211
Mairin,RARG,MOL000211
Mairin,EDNRB,MOL000211
Mairin,ITGB1,MOL000211
Mairin,PTGER4,MOL000211
Mairin,OPRM1,MOL000211
Mairin,OPRD1,MOL000211
Mairin,OPRK1,MOL000211
FA,TYMS,MOL000433
FA,DHFR,MOL000433
FA,SLC46A1,MOL000433
FA,SLC19A1,MOL000433
FA,HDAC6,MOL000433
FA,FOLR1,MOL000433
FA,FOLR2,MOL000433
FA,FPGS,MOL000433
FA,HDAC8,MOL000433
FA,HDAC1,MOL000433
FA,GART,MOL000433
FA,ATIC,MOL000433
FA,PYGM,MOL000433
FA,CA14,MOL000433
FA,PTPN1,MOL000433
FA,MME,MOL000433
FA,FDFT1,MOL000433
FA,SF3B3,MOL000433
FA,AKR1B1,MOL000433
FA,PSMB5,MOL000433
FA,APEX1,MOL000433
FA,CDK5R1,MOL000433
hederagenin,PTPN1,MOL000296
hederagenin,AKR1B10,MOL000296
hederagenin,HSD11B1,MOL000296
hederagenin,POLB,MOL000296
hederagenin,PTPN2,MOL000296
hederagenin,PLA2G1B,MOL000296
hederagenin,CDC25B,MOL000296
hederagenin,RORC,MOL000296
hederagenin,PTPRF,MOL000296
hederagenin,ACP1,MOL000296
hederagenin,PDE4D,MOL000296
hederagenin,CD81,MOL000296
hederagenin,PTGES,MOL000296
hederagenin,AR,MOL000296
hederagenin,NOS2,MOL000296
hederagenin,CDC25A,MOL000296
hederagenin,CES2,MOL000296
hederagenin,PREP,MOL000296
hederagenin,FABP1,MOL000296
hederagenin,PTPN6,MOL000296
hederagenin,PPARG,MOL000296
hederagenin,SCD,MOL000296
hederagenin,LTB4R,MOL000296
hederagenin,PTGS2,MOL000296
hederagenin,FNTA,MOL000296
hederagenin,HSD11B2,MOL000296
hederagenin,PPARA,MOL000296
hederagenin,PPARD,MOL000296
hederagenin,PRKCH,MOL000296
hederagenin,PTPN11,MOL000296
hederagenin,FABP4,MOL000296
hederagenin,FABP3,MOL000296
hederagenin,FABP5,MOL000296
hederagenin,ESR2,MOL000296
hederagenin,CYP19A1,MOL000296
hederagenin,NR3C2,MOL000296
hederagenin,FAAH,MOL000296
hederagenin,SERPINA6,MOL000296
hederagenin,SHBG,MOL000296
hederagenin,G6PD,MOL000296
hederagenin,CYP51A1,MOL000296
hederagenin,TERT,MOL000296
hederagenin,PTGS1,MOL000296
hederagenin,PTGER2,MOL000296
hederagenin,HMGCR,MOL000296
hederagenin,SIGMAR1,MOL000296
hederagenin,CYP17A1,MOL000296
hederagenin,NR3C1,MOL000296
hederagenin,ALOX5,MOL000296
hederagenin,NR1H4,MOL000296
hederagenin,GPBAR1,MOL000296
hederagenin,NR1H3,MOL000296
hederagenin,PTGER4,MOL000296
hederagenin,TLR9,MOL000296
hederagenin,ALOX5AP,MOL000296
hederagenin,TOP1,MOL000296
hederagenin,TOP2A,MOL000296
hederagenin,PGR,MOL000296
hederagenin,ESR1,MOL000296
hederagenin,BCHE,MOL000296
hederagenin,FFAR1,MOL000296
hederagenin,SRD5A2,MOL000296
hederagenin,PTGDR2,MOL000296
hederagenin,PTGDR,MOL000296
hederagenin,PTGER1,MOL000296
hederagenin,GRIK1,MOL000296
hederagenin,CHRM2,MOL000296
hederagenin,GRIK2,MOL000296
hederagenin,PTGIR,MOL000296
hederagenin,SLC10A2,MOL000296
hederagenin,SLC10A1,MOL000296
hederagenin,BACE1,MOL000296
hederagenin,IL6,MOL000296
hederagenin,GLUL,MOL000296
hederagenin,RORA,MOL000296
hederagenin,SLC6A3,MOL000296
"(3S,8S,9S,10R,13R,14S,17R)-10,13-dimethyl-17-[(2R,5S)-5-propan-2-yloctan-2-yl]-2,3,4,7,8,9,11,12,14,15,16,17-dodecahydro-1H-cyclopenta[a]phenanthren-3-ol",NPC1L1,MOL000033
"(3S,8S,9S,10R,13R,14S,17R)-10,13-dimethyl-17-[(2R,5S)-5-propan-2-yloctan-2-yl]-2,3,4,7,8,9,11,12,14,15,16,17-dodecahydro-1H-cyclopenta[a]phenanthren-3-ol",NR1H3,MOL000033
"(3S,8S,9S,10R,13R,14S,17R)-10,13-dimethyl-17-[(2R,5S)-5-propan-2-yloctan-2-yl]-2,3,4,7,8,9,11,12,14,15,16,17-dodecahydro-1H-cyclopenta[a]phenanthren-3-ol",RORC,MOL000033
"(3S,8S,9S,10R,13R,14S,17R)-10,13-dimethyl-17-[(2R,5S)-5-propan-2-yloctan-2-yl]-2,3,4,7,8,9,11,12,14,15,16,17-dodecahydro-1H-cyclopenta[a]phenanthren-3-ol",HMGCR,MOL000033
"(3S,8S,9S,10R,13R,14S,17R)-10,13-dimethyl-17-[(2R,5S)-5-propan-2-yloctan-2-yl]-2,3,4,7,8,9,11,12,14,15,16,17-dodecahydro-1H-cyclopenta[a]phenanthren-3-ol",SHBG,MOL000033
"(3S,8S,9S,10R,13R,14S,17R)-10,13-dimethyl-17-[(2R,5S)-5-propan-2-yloctan-2-yl]-2,3,4,7,8,9,11,12,14,15,16,17-dodecahydro-1H-cyclopenta[a]phenanthren-3-ol",CYP17A1,MOL000033
"(3S,8S,9S,10R,13R,14S,17R)-10,13-dimethyl-17-[(2R,5S)-5-propan-2-yloctan-2-yl]-2,3,4,7,8,9,11,12,14,15,16,17-dodecahydro-1H-cyclopenta[a]phenanthren-3-ol",CYP51A1,MOL000033
"(3S,8S,9S,10R,13R,14S,17R)-10,13-dimethyl-17-[(2R,5S)-5-propan-2-yloctan-2-yl]-2,3,4,7,8,9,11,12,14,15,16,17-dodecahydro-1H-cyclopenta[a]phenanthren-3-ol",AR,MOL000033
"(3S,8S,9S,10R,13R,14S,17R)-10,13-dimethyl-17-[(2R,5S)-5-propan-2-yloctan-2-yl]-2,3,4,7,8,9,11,12,14,15,16,17-dodecahydro-1H-cyclopenta[a]phenanthren-3-ol",SREBF2,MOL000033
"(3S,8S,9S,10R,13R,14S,17R)-10,13-dimethyl-17-[(2R,5S)-5-propan-2-yloctan-2-yl]-2,3,4,7,8,9,11,12,14,15,16,17-dodecahydro-1H-cyclopenta[a]phenanthren-3-ol",RORA,MOL000033
"(3S,8S,9S,10R,13R,14S,17R)-10,13-dimethyl-17-[(2R,5S)-5-propan-2-yloctan-2-yl]-2,3,4,7,8,9,11,12,14,15,16,17-dodecahydro-1H-cyclopenta[a]phenanthren-3-ol",ESR1,MOL000033
"(3S,8S,9S,10R,13R,14S,17R)-10,13-dimethyl-17-[(2R,5S)-5-propan-2-yloctan-2-yl]-2,3,4,7,8,9,11,12,14,15,16,17-dodecahydro-1H-cyclopenta[a]phenanthren-3-ol",ESR2,MOL000033
"(3S,8S,9S,10R,13R,14S,17R)-10,13-dimethyl-17-[(2R,5S)-5-propan-2-yloctan-2-yl]-2,3,4,7,8,9,11,12,14,15,16,17-dodecahydro-1H-cyclopenta[a]phenanthren-3-ol",PTPN1,MOL000033
"(3S,8S,9S,10R,13R,14S,17R)-10,13-dimethyl-17-[(2R,5S)-5-propan-2-yloctan-2-yl]-2,3,4,7,8,9,11,12,14,15,16,17-dodecahydro-1H-cyclopenta[a]phenanthren-3-ol",CYP2C19,MOL000033
"(3S,8S,9S,10R,13R,14S,17R)-10,13-dimethyl-17-[(2R,5S)-5-propan-2-yloctan-2-yl]-2,3,4,7,8,9,11,12,14,15,16,17-dodecahydro-1H-cyclopenta[a]phenanthren-3-ol",CYP19A1,MOL000033
"(3S,8S,9S,10R,13R,14S,17R)-10,13-dimethyl-17-[(2R,5S)-5-propan-2-yloctan-2-yl]-2,3,4,7,8,9,11,12,14,15,16,17-dodecahydro-1H-cyclopenta[a]phenanthren-3-ol",SLC6A2,MOL000033
"(3S,8S,9S,10R,13R,14S,17R)-10,13-dimethyl-17-[(2R,5S)-5-propan-2-yloctan-2-yl]-2,3,4,7,8,9,11,12,14,15,16,17-dodecahydro-1H-cyclopenta[a]phenanthren-3-ol",SERPINA6,MOL000033
"(3S,8S,9S,10R,13R,14S,17R)-10,13-dimethyl-17-[(2R,5S)-5-propan-2-yloctan-2-yl]-2,3,4,7,8,9,11,12,14,15,16,17-dodecahydro-1H-cyclopenta[a]phenanthren-3-ol",G6PD,MOL000033
"(3S,8S,9S,10R,13R,14S,17R)-10,13-dimethyl-17-[(2R,5S)-5-propan-2-yloctan-2-yl]-2,3,4,7,8,9,11,12,14,15,16,17-dodecahydro-1H-cyclopenta[a]phenanthren-3-ol",BCHE,MOL000033
"(3S,8S,9S,10R,13R,14S,17R)-10,13-dimethyl-17-[(2R,5S)-5-propan-2-yloctan-2-yl]-2,3,4,7,8,9,11,12,14,15,16,17-dodecahydro-1H-cyclopenta[a]phenanthren-3-ol",CHRM2,MOL000033
"(3S,8S,9S,10R,13R,14S,17R)-10,13-dimethyl-17-[(2R,5S)-5-propan-2-yloctan-2-yl]-2,3,4,7,8,9,11,12,14,15,16,17-dodecahydro-1H-cyclopenta[a]phenanthren-3-ol",ACHE,MOL000033
"(3S,8S,9S,10R,13R,14S,17R)-10,13-dimethyl-17-[(2R,5S)-5-propan-2-yloctan-2-yl]-2,3,4,7,8,9,11,12,14,15,16,17-dodecahydro-1H-cyclopenta[a]phenanthren-3-ol",SLC6A4,MOL000033
"(3S,8S,9S,10R,13R,14S,17R)-10,13-dimethyl-17-[(2R,5S)-5-propan-2-yloctan-2-yl]-2,3,4,7,8,9,11,12,14,15,16,17-dodecahydro-1H-cyclopenta[a]phenanthren-3-ol",NR1H2,MOL000033
"(3S,8S,9S,10R,13R,14S,17R)-10,13-dimethyl-17-[(2R,5S)-5-propan-2-yloctan-2-yl]-2,3,4,7,8,9,11,12,14,15,16,17-dodecahydro-1H-cyclopenta[a]phenanthren-3-ol",NR1I3,MOL000033
"(3S,8S,9S,10R,13R,14S,17R)-10,13-dimethyl-17-[(2R,5S)-5-propan-2-yloctan-2-yl]-2,3,4,7,8,9,11,12,14,15,16,17-dodecahydro-1H-cyclopenta[a]phenanthren-3-ol",VDR,MOL000033
"(3S,8S,9S,10R,13R,14S,17R)-10,13-dimethyl-17-[(2R,5S)-5-propan-2-yloctan-2-yl]-2,3,4,7,8,9,11,12,14,15,16,17-dodecahydro-1H-cyclopenta[a]phenanthren-3-ol",DHCR7,MOL000033
"(3S,8S,9S,10R,13R,14S,17R)-10,13-dimethyl-17-[(2R,5S)-5-propan-2-yloctan-2-yl]-2,3,4,7,8,9,11,12,14,15,16,17-dodecahydro-1H-cyclopenta[a]phenanthren-3-ol",GLRA1,MOL000033
"(3S,8S,9S,10R,13R,14S,17R)-10,13-dimethyl-17-[(2R,5S)-5-propan-2-yloctan-2-yl]-2,3,4,7,8,9,11,12,14,15,16,17-dodecahydro-1H-cyclopenta[a]phenanthren-3-ol",PTGER1,MOL000033
"(3S,8S,9S,10R,13R,14S,17R)-10,13-dimethyl-17-[(2R,5S)-5-propan-2-yloctan-2-yl]-2,3,4,7,8,9,11,12,14,15,16,17-dodecahydro-1H-cyclopenta[a]phenanthren-3-ol",PTGER2,MOL000033
"(3S,8S,9S,10R,13R,14S,17R)-10,13-dimethyl-17-[(2R,5S)-5-propan-2-yloctan-2-yl]-2,3,4,7,8,9,11,12,14,15,16,17-dodecahydro-1H-cyclopenta[a]phenanthren-3-ol",HSD11B1,MOL000033
"(3S,8S,9S,10R,13R,14S,17R)-10,13-dimethyl-17-[(2R,5S)-5-propan-2-yloctan-2-yl]-2,3,4,7,8,9,11,12,14,15,16,17-dodecahydro-1H-cyclopenta[a]phenanthren-3-ol",TBXAS1,MOL000033
"(3S,8S,9S,10R,13R,14S,17R)-10,13-dimethyl-17-[(2R,5S)-5-propan-2-yloctan-2-yl]-2,3,4,7,8,9,11,12,14,15,16,17-dodecahydro-1H-cyclopenta[a]phenanthren-3-ol",PTGES,MOL000033
"(3S,8S,9S,10R,13R,14S,17R)-10,13-dimethyl-17-[(2R,5S)-5-propan-2-yloctan-2-yl]-2,3,4,7,8,9,11,12,14,15,16,17-dodecahydro-1H-cyclopenta[a]phenanthren-3-ol",PPARA,MOL000033
"(3S,8S,9S,10R,13R,14S,17R)-10,13-dimethyl-17-[(2R,5S)-5-propan-2-yloctan-2-yl]-2,3,4,7,8,9,11,12,14,15,16,17-dodecahydro-1H-cyclopenta[a]phenanthren-3-ol",PPARD,MOL000033
"(3S,8S,9S,10R,13R,14S,17R)-10,13-dimethyl-17-[(2R,5S)-5-propan-2-yloctan-2-yl]-2,3,4,7,8,9,11,12,14,15,16,17-dodecahydro-1H-cyclopenta[a]phenanthren-3-ol",CES2,MOL000033
"(3S,8S,9S,10R,13R,14S,17R)-10,13-dimethyl-17-[(2R,5S)-5-propan-2-yloctan-2-yl]-2,3,4,7,8,9,11,12,14,15,16,17-dodecahydro-1H-cyclopenta[a]phenanthren-3-ol",NOS2,MOL000033
"(3S,8S,9S,10R,13R,14S,17R)-10,13-dimethyl-17-[(2R,5S)-5-propan-2-yloctan-2-yl]-2,3,4,7,8,9,11,12,14,15,16,17-dodecahydro-1H-cyclopenta[a]phenanthren-3-ol",SQLE,MOL000033
"(3S,8S,9S,10R,13R,14S,17R)-10,13-dimethyl-17-[(2R,5S)-5-propan-2-yloctan-2-yl]-2,3,4,7,8,9,11,12,14,15,16,17-dodecahydro-1H-cyclopenta[a]phenanthren-3-ol",PTPN6,MOL000033
"(3S,8S,9S,10R,13R,14S,17R)-10,13-dimethyl-17-[(2R,5S)-5-propan-2-yloctan-2-yl]-2,3,4,7,8,9,11,12,14,15,16,17-dodecahydro-1H-cyclopenta[a]phenanthren-3-ol",PTPN2,MOL000033
"(3S,8S,9S,10R,13R,14S,17R)-10,13-dimethyl-17-[(2R,5S)-5-propan-2-yloctan-2-yl]-2,3,4,7,8,9,11,12,14,15,16,17-dodecahydro-1H-cyclopenta[a]phenanthren-3-ol",FDFT1,MOL000033
"(3S,8S,9S,10R,13R,14S,17R)-10,13-dimethyl-17-[(2R,5S)-5-propan-2-yloctan-2-yl]-2,3,4,7,8,9,11,12,14,15,16,17-dodecahydro-1H-cyclopenta[a]phenanthren-3-ol",PPARG,MOL000033
"(3S,8S,9S,10R,13R,14S,17R)-10,13-dimethyl-17-[(2R,5S)-5-propan-2-yloctan-2-yl]-2,3,4,7,8,9,11,12,14,15,16,17-dodecahydro-1H-cyclopenta[a]phenanthren-3-ol",UGT2B7,MOL000033
"(3S,8S,9S,10R,13R,14S,17R)-10,13-dimethyl-17-[(2R,5S)-5-propan-2-yloctan-2-yl]-2,3,4,7,8,9,11,12,14,15,16,17-dodecahydro-1H-cyclopenta[a]phenanthren-3-ol",HSD11B2,MOL000033
"(3S,8S,9S,10R,13R,14S,17R)-10,13-dimethyl-17-[(2R,5S)-5-propan-2-yloctan-2-yl]-2,3,4,7,8,9,11,12,14,15,16,17-dodecahydro-1H-cyclopenta[a]phenanthren-3-ol",POLB,MOL000033
"(3S,8S,9S,10R,13R,14S,17R)-10,13-dimethyl-17-[(2R,5S)-5-propan-2-yloctan-2-yl]-2,3,4,7,8,9,11,12,14,15,16,17-dodecahydro-1H-cyclopenta[a]phenanthren-3-ol",PREP,MOL000033
